Chi-squared,1.51511091,,,,,,,
Parameter,Value,Error,,,,,,
bg_a,32.70477083,3.95880628,,,,,,
bg_b,4.455616031,2.540830238,,,,,,
bg_c,-2.025033404,0.380361539,,,,,,
center_1,-0.002353106,0.004383311,,,,,,
area_1,165.9053934,5.243913948,,,,,,
FWHM_1,0.310397603,0.009969523,,,,,,
center_2,0.416494821,0.024300822,,,,,,
area_2,17.07873501,3.177434235,,,,,,
FWHM_2,0.278587676,0.051204291,,,,,,
center_3,1.015944692,0.021233864,,,,,,
area_3,8.180222698,1.811353947,,,,,,
FWHM_3,0.240844359,0.052340195,,,,,,
,,,,,,,,
x_data,y_data,yerr_data,x_fit,y_fit,y_bg,gaussian_1,gaussian_2,gaussian_3
-0.4,40.07746039,6.33067614,-0.4,35.90274535,30.59851908,5.304226274,2.61E-09,7.68E-41
-0.35,64.33126395,8.020677275,-0.395045872,36.56542362,30.62856889,5.936854721,3.49E-09,1.50E-40
-0.3,74.91759645,8.655495159,-0.390091743,37.2940754,30.6585193,6.635556092,4.64E-09,2.92E-40
-0.25,110.6322169,10.51818506,-0.385137615,38.09438812,30.68837031,7.406017807,6.17E-09,5.68E-40
-0.2,189.2249305,13.75590529,-0.380183486,38.97239254,30.71812192,8.254270616,8.19E-09,1.10E-39
-0.15,292.973813,17.11647782,-0.375229358,39.9344666,30.74777412,9.186692469,1.08E-08,2.13E-39
-0.1,415.6797794,20.38822649,-0.370275229,40.98733717,30.77732692,10.21001024,1.43E-08,4.11E-39
-0.05,508.0503184,22.53997157,-0.365321101,42.13807938,30.80678032,11.33129903,1.89E-08,7.92E-39
0,536.0049915,23.1517816,-0.360366972,43.39411322,30.83613432,12.55797887,2.49E-08,1.52E-38
0.05,497.5950362,22.30683833,-0.355412844,44.76319732,30.86538891,13.89780838,3.28E-08,2.92E-38
0.1,410.9839784,20.27273978,-0.350458716,46.25341946,30.89454411,15.35887531,4.31E-08,5.58E-38
0.15,302.002894,17.37823046,-0.345504587,47.87318358,30.9235999,16.94958362,5.65E-08,1.06E-37
0.2,191.9551359,13.85478747,-0.340550459,49.63119315,30.95255628,18.67863679,7.39E-08,2.03E-37
0.25,131.1429766,11.4517674,-0.33559633,51.53643057,30.98141327,20.55501721,9.65E-08,3.85E-37
0.3,102.2722274,10.11297322,-0.330642202,53.59813233,31.01017085,22.58796135,1.26E-07,7.29E-37
0.35,106.6400242,10.32666569,-0.325688073,55.82575983,31.03882903,24.78693064,1.64E-07,1.38E-36
0.4,93.07805887,9.647697076,-0.320733945,58.22896561,31.06738781,27.16157759,2.13E-07,2.60E-36
0.45,92.70156875,9.628165388,-0.315779817,60.81755485,31.09584718,29.72170739,2.76E-07,4.88E-36
0.5,80.14824565,8.952555258,-0.310825688,63.60144206,31.12420716,32.47723454,3.57E-07,9.17E-36
0.55,59.39111981,7.706563424,-0.30587156,66.59060278,31.15246773,35.43813459,4.62E-07,1.72E-35
0.6,51.9918356,7.210536429,-0.300917431,69.79502039,31.1806289,38.6143909,5.96E-07,3.21E-35
0.65,48.04378479,6.931362405,-0.295963303,73.22462794,31.20869066,42.01593651,7.68E-07,5.97E-35
0.7,42.81917234,6.543636018,-0.291009174,76.8892451,31.23665303,45.65259109,9.87E-07,1.11E-34
0.75,34.88926003,5.906713133,-0.286055046,80.79851034,31.26451599,49.53399309,1.27E-06,2.06E-34
0.8,45.03124148,6.710532131,-0.281100917,84.96180854,31.29227955,53.66952737,1.62E-06,3.81E-34
0.85,48.01826351,6.92952116,-0.276146789,89.38819423,31.3199437,58.06824845,2.08E-06,7.04E-34
0.9,48.72699857,6.980472661,-0.271192661,94.08631085,31.34750846,62.73879974,2.65E-06,1.30E-33
0.95,60.09604257,7.752163735,-0.266238532,99.06430627,31.37497381,67.68932909,3.38E-06,2.38E-33
1,62.02000004,7.875277775,-0.261284404,104.3297452,31.40233976,72.92740113,4.30E-06,4.37E-33
1.05,70.60004141,8.402383079,-0.256330275,109.8895187,31.42960631,78.45990696,5.46E-06,7.99E-33
1.1,56.73497325,7.53226216,-0.251376147,115.749752,31.45677345,84.29297161,6.92E-06,1.46E-32
1.15,59.52985171,7.715559066,-0.246422018,121.9157101,31.48384119,90.43186014,8.75E-06,2.65E-32
1.2,35.04224783,5.919649299,-0.24146789,128.3917035,31.51080953,96.88088287,1.11E-05,4.82E-32
1.25,33.36410801,5.776167243,-0.236513761,135.1809932,31.53767847,103.6433007,1.39E-05,8.73E-32
1.3,27.53874779,5.247737397,-0.231559633,142.285697,31.56444801,110.7212314,1.76E-05,1.58E-31
1.35,42.04117884,6.483916936,-0.226605505,149.7066974,31.59111814,118.1155572,2.21E-05,2.85E-31
1.4,28.28365562,5.318238019,-0.221651376,157.443552,31.61768887,125.8258355,2.77E-05,5.12E-31
1.45,29.86017874,5.464446791,-0.216697248,165.4944079,31.6441602,133.850213,3.47E-05,9.19E-31
1.5,36.56133736,6.046597172,-0.211743119,173.8559199,31.67053212,142.1853444,4.33E-05,1.65E-30
1.55,25.30142097,5.030051786,-0.206788991,182.5231757,31.69680465,150.826317,5.41E-05,2.94E-30
1.6,32.05179848,5.66143078,-0.201834862,191.4896264,31.72297777,159.7665812,6.74E-05,5.24E-30
1.65,27.80454142,5.273001178,-0.196880734,200.7470251,31.74905149,168.9978898,8.38E-05,9.32E-30
1.7,37.55781202,6.128442871,-0.191926606,210.2853747,31.7750258,178.5102449,0.000104027,1.65E-29
1.75,41.31125136,6.427382932,-0.186972477,220.0928845,31.80090072,188.2918549,0.000128913,2.92E-29
1.8,32.06480013,5.662578929,-0.182018349,230.1559378,31.82667623,198.3291021,0.000159472,5.16E-29
1.85,31.81845001,5.640784521,-0.17706422,240.4590709,31.85235234,208.6065216,0.000196929,9.10E-29
1.9,32.5722,5.707205971,-0.172110092,250.9849644,31.87792905,219.1067926,0.000242758,1.60E-28
1.95,34.32605,5.858843743,-0.167155963,261.7144473,31.90340635,229.8107423,0.000298727,2.80E-28
2,32.08,5.663920903,-0.162201835,272.6265148,31.92878425,240.6973636,0.000366957,4.90E-28
2.05,33.83405,5.816704393,-0.157247706,283.6983603,31.95406275,251.7438475,0.000449982,8.56E-28
2.1,34.5882,5.881173352,-0.152293578,294.9054216,31.97924185,262.925629,0.000550823,1.49E-27
2.15,39.34245,6.272356017,-0.14733945,306.221443,32.00432155,274.2164483,0.000673082,2.59E-27
2.2,30.0968,5.486055049,-0.142385321,317.6185507,32.02930184,285.5884278,0.000821037,4.48E-27
2.25,38.85125,6.233077089,-0.137431193,329.0673449,32.05418273,297.0121624,0.000999759,7.75E-27
2.3,37.6058,6.132356806,-0.132477064,340.5370057,32.07896422,308.4568262,0.001215253,1.34E-26
2.35,31.36045,5.600040178,-0.127522936,351.995414,32.1036463,319.8902931,0.001474607,2.30E-26
2.4,28.1152,5.302376826,-0.122568807,363.4092863,32.12822899,331.2792711,0.001786177,3.95E-26
2.45,32.87005,5.733240794,-0.117614679,374.7443231,32.15271227,342.5894511,0.002159787,6.76E-26
2.5,29.625,5.442885264,-0.11266055,385.9653702,32.17709615,353.785667,0.002606969,1.16E-25
2.55,31.38005,5.601789893,-0.107706422,397.0365912,32.20138062,364.8320693,0.003141227,1.97E-25
2.6,30.1352,5.489553716,-0.102752294,407.9216515,32.2255657,375.6923075,0.00377834,3.35E-25
2.65,36.89045,6.0737509,-0.097798165,418.5839113,32.24965137,386.3297232,0.004536713,5.68E-25
2.7,30.6458,5.535864883,-0.092844037,428.9866265,32.27363764,396.7075511,0.00543776,9.62E-25
2.75,25.40125,5.039965278,-0.087889908,439.0931571,32.2975245,406.7891262,0.006506345,1.62E-24
2.8,31.1568,5.581827658,-0.08293578,448.8671794,32.32131197,416.5380961,0.007771281,2.74E-24
2.85,26.91245,5.18772108,-0.077981651,458.2729029,32.34500003,425.918637,0.009265878,4.60E-24
2.9,34.6682,5.887970788,-0.073027523,467.2752879,32.36858869,434.8956706,0.011028564,7.71E-24
2.95,18.42405,4.292324545,-0.068073394,475.8402631,32.39207795,443.4350816,0.013103575,1.29E-23
3,29.18,5.401851534,-0.063119266,483.9349417,32.4154678,451.5039322,0.015541718,2.15E-23
3.05,18.93605,4.351557193,-0.058165138,491.5278324,32.43875826,459.0706729,0.018401224,3.59E-23
3.1,27.6922,5.262337883,-0.053211009,498.5890457,32.46194931,466.1053477,0.021748675,5.96E-23
3.15,30.44845,5.518011417,-0.048256881,505.0904922,32.48504095,472.5797912,0.02566004,9.87E-23
3.2,34.2048,5.848486984,-0.043302752,511.0060711,32.5080332,478.4678161,0.030221798,1.63E-22
3.25,30.96125,5.564283422,-0.038348624,516.3118478,32.53092604,483.7453896,0.035532166,2.69E-22
3.3,28.7178,5.358899141,-0.033394495,520.9862186,32.55371948,488.3907967,0.041702443,4.43E-22
3.35,28.47445,5.336145613,-0.028440367,525.0100608,32.57641352,492.3847888,0.048858456,7.27E-22
3.4,27.2312,5.21835223,-0.023486239,528.3668675,32.59900816,495.7107172,0.057142129,1.19E-21
3.45,25.98805,5.097847585,-0.01853211,531.0428642,32.62150339,498.3546477,0.066713161,1.95E-21
3.5,30.745,5.5448174,-0.013577982,533.0271088,32.64389922,500.3054587,0.077750833,3.17E-21
3.55,16.50205,4.062271532,-0.008623853,534.3115704,32.66619565,501.5549188,0.090455924,5.16E-21
3.6,20.2592,4.501022106,-0.003669725,534.89119,32.68839268,502.0977446,0.105052744,8.38E-21
3.65,16.01645,4.002055722,0.001284404,534.7639195,32.7104903,501.9316379,0.121791287,1.36E-20
3.7,26.7738,5.174340538,0.006238532,533.9307401,32.73248853,501.0573021,0.140949477,2.19E-20
3.75,31.53125,5.615269361,0.011192661,532.3956602,32.75438735,499.4784373,0.162835519,3.53E-20
3.8,15.2888,3.910089513,0.016146789,530.1656909,32.77618676,497.2017138,0.18779034,5.67E-20
3.85,14.04645,3.747859389,0.021100917,527.2508024,32.79788678,494.2367255,0.21619009,9.10E-20
3.9,18.8042,4.33638098,0.026055046,523.6638585,32.81948739,490.5959224,0.24844871,1.46E-19
3.95,27.56205,5.249957143,0.031009174,519.4205329,32.8409886,486.2945238,0.285020526,2.32E-19
4,19.32,4.395452195,0.035963303,514.539205,32.86239041,481.3504118,0.326402862,3.70E-19
4.05,20.07805,4.480853713,0.040917431,509.0408393,32.88369281,475.7840079,0.373138625,5.88E-19
4.1,18.8362,4.340069124,0.04587156,502.9488471,32.90489582,469.6181324,0.425818853,9.32E-19
4.15,20.59445,4.53811084,0.050825688,496.2889333,32.92599942,462.8778487,0.485085164,1.47E-18
4.2,10.3528,3.217576728,0.055779817,489.0889291,32.94700362,455.5902934,0.551632098,2.32E-18
4.25,17.11125,4.13657467,0.060733945,481.3786125,32.96790841,447.7844948,0.626209271,3.66E-18
4.3,11.8698,3.44525761,0.065688073,473.1895176,32.9887138,439.4911805,0.709623333,5.74E-18
4.35,24.62845,4.962705915,0.070642202,464.5547356,33.0094198,430.7425761,0.80273964,9.00E-18
4.4,13.3872,3.658852279,0.07559633,455.5087078,33.03002638,421.5721978,0.906483619,1.41E-17
4.45,17.14605,4.140778912,0.080550459,446.0870142,33.05053357,412.0146389,1.021841745,2.19E-17
4.5,20.905,4.572198596,0.085504587,436.3261574,33.07094136,402.105354,1.149862074,3.41E-17
4.55,9.66405,3.108705518,0.090458716,426.2633455,33.09124974,391.8804415,1.291654281,5.29E-17
4.6,26.4232,5.140350183,0.095412844,415.9362747,33.11145872,381.3764269,1.448389122,8.19E-17
4.65,14.18245,3.765959373,0.100366972,405.3829141,33.13156829,370.6300485,1.621297265,1.27E-16
4.7,11.9418,3.455690958,0.105321101,394.6412929,33.15157847,359.678047,1.811667421,1.95E-16
4.75,18.70125,4.32449419,0.110275229,383.7492939,33.17148924,348.556961,2.020843714,3.00E-16
4.8,19.4608,4.411439674,0.115229358,372.7444526,33.19130061,337.3029297,2.250222226,4.60E-16
4.85,20.22045,4.496715468,0.120183486,361.6637641,33.21101258,325.9515048,2.501246656,7.04E-16
4.9,11.9802,3.461242551,0.125137615,350.5434998,33.23062514,314.5374716,2.775403048,1.07E-15
4.95,15.74005,3.967373186,0.130091743,339.4190339,33.25013831,303.094682,3.07421353,1.64E-15
5,0,1,0.135045872,328.3246806,33.26955207,291.6558995,3.399229031,2.49E-15
,,,0.14,317.2935443,33.28886642,280.2526569,3.752020941,3.77E-15
,,,0.144954128,306.3573819,33.30808138,268.9151288,4.134171692,5.70E-15
,,,0.149908257,295.5464781,33.32719693,257.6720169,4.547264255,8.60E-15
,,,0.154862385,284.889535,33.34621308,246.5504514,4.992870548,1.29E-14
,,,0.159816514,274.4135752,33.36512983,235.5759066,5.472538782,1.94E-14
,,,0.164770642,264.1438586,33.38394718,224.7721317,5.98777977,2.91E-14
,,,0.169724771,254.1038138,33.40266512,214.1610964,6.540052253,4.35E-14
,,,0.174678899,244.3149825,33.42128367,203.7629515,7.130747307,6.49E-14
,,,0.179633028,234.7969783,33.4398028,193.5960036,7.761171923,9.66E-14
,,,0.184587156,225.5674582,33.45822254,183.6767038,8.432531846,1.43E-13
,,,0.189541284,216.6421066,33.47654288,174.0196499,9.145913824,2.12E-13
,,,0.194495413,208.0346316,33.49476381,164.6376005,9.902267378,3.14E-13
,,,0.199449541,199.7567738,33.51288534,155.5415022,10.70238627,4.62E-13
,,,0.20440367,191.8183243,33.53090747,146.740527,11.54688985,6.80E-13
,,,0.209357798,184.2271541,33.54883019,138.2421195,12.43620446,9.97E-13
,,,0.214311927,176.989253,33.56665351,130.0520544,13.37054508,1.46E-12
,,,0.219266055,170.1087761,33.58437743,122.1745011,14.34989756,2.13E-12
,,,0.224220183,163.5880997,33.60200195,114.6120962,15.37400145,3.10E-12
,,,0.229174312,157.4278827,33.61952707,107.3660217,16.44233391,4.51E-12
,,,0.23412844,151.627136,33.63695278,100.4360885,17.55409475,6.54E-12
,,,0.239082569,146.1832964,33.65427909,93.82082426,18.70819301,9.46E-12
,,,0.244036697,141.0923053,33.671506,87.51756415,19.90323516,1.36E-11
,,,0.248990826,136.3486927,33.68863351,81.52254385,21.13751532,1.96E-11
,,,0.253944954,131.9456632,33.70566161,75.83099395,22.40900768,2.82E-11
,,,0.258899083,127.8751863,33.72259031,70.43723477,23.71536125,4.04E-11
,,,0.263853211,124.1280876,33.73941961,65.33477075,25.05389727,5.78E-11
,,,0.268807339,120.6941428,33.75614951,60.51638388,26.42160946,8.24E-11
,,,0.273761468,117.5621724,33.77278,55.97422519,27.81516717,1.17E-10
,,,0.278715596,114.7201367,33.78931109,51.69990396,29.23092164,1.67E-10
,,,0.283669725,112.1552321,33.80574278,47.68457386,30.66491548,2.36E-10
,,,0.288623853,109.8539862,33.82207507,43.91901583,32.11289535,3.33E-10
,,,0.293577982,107.8023529,33.83830795,40.39371688,33.57032803,4.70E-10
,,,0.29853211,105.985806,33.85444144,37.09894494,35.03241967,6.61E-10
,,,0.303486239,104.3894329,33.87047552,34.02481907,36.49413829,9.27E-10
,,,0.308440367,102.9980248,33.88641019,31.16137511,37.95023949,1.30E-09
,,,0.313394495,101.7961669,33.90224547,28.49862639,39.39529503,1.81E-09
,,,0.318348624,100.7683253,33.91798134,26.02661966,40.82372431,2.52E-09
,,,0.323302752,99.89893213,33.93361781,23.73548593,42.22982838,3.51E-09
,,,0.328256881,99.17246764,33.94915488,21.61548643,43.60782633,4.86E-09
,,,0.333211009,98.57353981,33.96459255,19.65705365,44.9518936,6.73E-09
,,,0.338165138,98.08696056,33.97993081,17.85082764,46.25620209,9.28E-09
,,,0.343119266,97.69781874,33.99516967,16.1876876,47.51496145,1.28E-08
,,,0.348073394,97.39154945,34.01030913,14.65877897,48.72246133,1.76E-08
,,,0.353027523,97.15399959,34.02534919,13.25553627,49.87311412,2.41E-08
,,,0.357981651,96.97148939,34.04028984,11.96970183,50.96149768,3.29E-08
,,,0.36293578,96.83086955,34.05513109,10.7933407,51.98239771,4.49E-08
,,,0.367889908,96.71957407,34.06987294,9.718851894,52.93084917,6.11E-08
,,,0.372844037,96.62566825,34.08451539,8.738976387,53.80217639,8.29E-08
,,,0.377798165,96.53789197,34.09905843,7.846801959,54.59203146,1.12E-07
,,,0.382752294,96.44569776,34.11350208,7.035765268,55.29643027,1.52E-07
,,,0.387706422,96.33928385,34.12784632,6.29965137,55.91178596,2.05E-07
,,,0.39266055,96.20962178,34.14209115,5.632590959,56.43493939,2.75E-07
,,,0.397614679,96.04847862,34.15623659,5.029055585,56.86318608,3.69E-07
,,,0.402568807,95.84843375,34.17028262,4.483851097,57.19429954,4.94E-07
,,,0.407522936,95.60289001,34.18422925,3.992109563,57.42655054,6.60E-07
,,,0.412477064,95.30607936,34.19807648,3.54927987,57.55872213,8.79E-07
,,,0.417431193,94.95306305,34.21182431,3.151117257,57.59012031,1.17E-06
,,,0.422385321,94.53972628,34.22547273,2.793671943,57.52058006,1.55E-06
,,,0.42733945,94.06276765,34.23902175,2.473277077,57.35046678,2.05E-06
,,,0.432293578,93.51968334,34.25247137,2.186536153,57.08067311,2.71E-06
,,,0.437247706,92.90874638,34.26582159,1.930310071,56.71261116,3.57E-06
,,,0.442201835,92.22898119,34.2790724,1.701703981,56.24820012,4.68E-06
,,,0.447155963,91.48013364,34.29222381,1.498054029,55.68984966,6.14E-06
,,,0.452110092,90.66263707,34.30527582,1.316914147,55.04043908,8.03E-06
,,,0.45706422,89.77757442,34.31822843,1.15604296,54.30329256,1.05E-05
,,,0.462018349,88.82663706,34.33108163,1.013390918,53.48215088,1.36E-05
,,,0.466972477,87.8120806,34.34383543,0.887087717,52.58113976,1.77E-05
,,,0.471926606,86.73667822,34.35648983,0.775430088,51.60473538,2.29E-05
,,,0.476880734,85.60367184,34.36904483,0.676869982,50.5577274,2.96E-05
,,,0.481834862,84.41672175,34.38150043,0.590003224,49.4451799,3.82E-05
,,,0.486788991,83.17985506,34.39385662,0.513558639,48.27239067,4.91E-05
,,,0.491743119,81.89741357,34.40611341,0.446387698,47.04484941,6.31E-05
,,,0.496697248,80.57400137,34.4182708,0.387454688,45.76819516,8.07E-05
,,,0.501651376,79.21443283,34.43032878,0.335827415,44.44817352,0.000103113
,,,0.506605505,77.82368124,34.44228737,0.290668451,43.09059403,0.000131396
,,,0.511559633,76.40682877,34.45414655,0.251226918,41.70128826,0.000167046
,,,0.516513761,74.96901788,34.46590633,0.216830799,40.28606889,0.000211869
,,,0.52146789,73.51540482,34.4775667,0.186879771,38.85069025,0.000268091
,,,0.526422018,72.05111538,34.48912768,0.160838546,37.40081072,0.000338436
,,,0.531376147,70.58120335,34.50058925,0.138230701,35.94195716,0.000426239
,,,0.536330275,69.11061183,34.51195142,0.11863297,34.47949188,0.000535562
,,,0.541284404,67.64413771,34.52321418,0.10167,33.01858218,0.000671348
,,,0.546238532,66.18639952,34.53437755,0.087009518,31.56417287,0.000839589
,,,0.551192661,64.74180871,34.54544151,0.07435792,30.12096175,0.001047531
,,,0.556146789,63.31454454,34.55640607,0.063456223,28.69337834,0.001303912
,,,0.561100917,61.90853266,34.56727123,0.054076396,27.2855658,0.001619237
,,,0.566055046,60.52742727,34.57803698,0.046018004,25.90136618,0.002006104
,,,0.571009174,59.17459702,34.58870333,0.039105184,24.54430893,0.002479578
,,,0.575963303,57.85311444,34.59927028,0.0331839,23.21760264,0.003057617
,,,0.580917431,56.56574887,34.60973783,0.028119464,21.92413,0.003761572
,,,0.58587156,55.31496278,34.62010598,0.023794313,20.66644573,0.004616754
,,,0.590825688,54.10291126,34.63037472,0.020106007,19.44677745,0.005653079
,,,0.595779817,52.9314446,34.64054406,0.016965435,18.26702929,0.006905807
,,,0.600733945,51.80211362,34.650614,0.014295216,17.12878804,0.008416371
,,,0.605688073,50.71617768,34.66058453,0.012028264,16.03333157,0.010233315
,,,0.610642202,49.674615,34.67045567,0.010106521,14.98163946,0.012413345
,,,0.61559633,48.67813513,34.6802274,0.008479827,13.9744054,0.015022504
,,,0.620550459,47.72719331,34.68989973,0.007104913,13.01205119,0.018137478
,,,0.625504587,46.82200646,34.69947265,0.005944524,12.09474225,0.021847033
,,,0.630458716,45.96257046,34.70894618,0.004966632,11.22240404,0.026253612
,,,0.635412844,45.14867867,34.7183203,0.004143748,10.39473956,0.03147507
,,,0.640366972,44.37994123,34.72759502,0.003452322,9.611247327,0.037646566
,,,0.645321101,43.65580504,34.73677034,0.002872206,8.871239878,0.044922619
,,,0.650275229,42.97557414,34.74584625,0.002386199,8.173862375,0.053479309
,,,0.655229358,42.3384303,34.75482276,0.00197963,7.518111259,0.063516645
,,,0.660183486,41.74345363,34.76369987,0.001640016,6.902852677,0.075261061
,,,0.665137615,41.18964295,34.77247758,0.001356746,6.326840553,0.088968066
,,,0.670091743,40.67593584,34.78115589,0.001120819,5.788734132,0.104925005
,,,0.675045872,40.20122819,34.78973479,0.000924611,5.28711487,0.123453917
,,,0.68,39.764393,34.79821429,0.000761674,4.820502559,0.144914479
,,,0.684954128,39.36429851,34.80659439,0.000626565,4.387370575,0.169706985
,,,0.689908257,38.9998253,34.81487508,0.000514694,3.98616019,0.198275332
,,,0.694862385,38.66988243,34.82305638,0.0004222,3.615293877,0.231109971
,,,0.699816514,38.37342244,34.83113827,0.00034584,3.273187565,0.268750766
,,,0.704770642,38.10945517,34.83912076,0.00028289,2.95826182,0.311789704
,,,0.709724771,37.87706024,34.84700384,0.000231072,2.668951938,0.360873388
,,,0.714678899,37.67539821,34.85478753,0.000188479,2.403716954,0.416705254
,,,0.719633028,37.50372031,34.86247181,0.00015352,2.161047581,0.480047403
,,,0.724587156,37.36137666,34.87005669,0.000124869,1.9394731,0.551722001
,,,0.729541284,37.24782295,34.87754217,0.000101421,1.737567243,0.632612125
,,,0.734495413,37.16262558,34.88492824,8.23E-05,1.553953108,0.723661971
,,,0.739449541,37.10546503,34.89221491,6.66E-05,1.387307159,0.825876331
,,,0.74440367,37.07613766,34.89940218,5.39E-05,1.236362357,0.940319233
,,,0.749357798,37.07455572,34.90649005,4.35E-05,1.099910504,1.068111642
,,,0.754311927,37.10074558,34.91347851,3.51E-05,0.97680383,1.210428131
,,,0.759266055,37.1548442,34.92036758,2.83E-05,0.865955923,1.368492427
,,,0.764220183,37.23709375,34.92715724,2.27E-05,0.766342037,1.543571739
,,,0.769174312,37.34783442,34.9338475,1.83E-05,0.676998864,1.736969804
,,,0.77412844,37.48749539,34.94043835,1.46E-05,0.597023822,1.950018578
,,,0.779082569,37.65658397,34.9469298,1.17E-05,0.525573923,2.184068522
,,,0.784036697,37.85567298,34.95332185,9.38E-06,0.461864291,2.440477457
,,,0.788990826,38.08538634,34.9596145,7.49E-06,0.405166372,2.72059798
,,,0.793944954,38.34638307,34.96580775,5.97E-06,0.354805896,3.025763449
,,,0.798899083,38.63933957,34.97190159,4.76E-06,0.310160646,3.357272581
,,,0.803853211,38.96493062,34.97789603,3.78E-06,0.270658073,3.716372733
,,,0.808807339,39.32380884,34.98379107,3.00E-06,0.235772803,4.104241965
,,,0.813761468,39.71658318,34.98958671,2.38E-06,0.205024073,4.521970016
,,,0.818715596,40.14379632,34.99528294,1.89E-06,0.177973129,4.970538366
,,,0.823669725,40.60590145,35.00087978,1.49E-06,0.15422062,5.450799563
,,,0.828623853,41.10323847,35.00637721,1.18E-06,0.133404009,5.963456075
,,,0.833577982,41.63601009,35.01177523,9.28E-07,0.115195032,6.509038902
,,,0.83853211,42.20425806,35.01707386,7.31E-07,0.099297209,7.08788626
,,,0.843486239,42.80783975,35.02227308,5.75E-07,0.085443448,7.700122646
,,,0.848440367,43.4464057,35.0273729,4.51E-07,0.073393723,8.345638629
,,,0.853394495,44.11937827,35.03237332,3.54E-07,0.062932865,9.024071729
,,,0.858348624,44.82593183,35.03727433,2.77E-07,0.053868454,9.734788761
,,,0.863302752,45.56497501,35.04207595,2.17E-07,0.046028832,10.47687001
,,,0.868256881,46.33513519,35.04677816,1.69E-07,0.039261223,11.24909564
,,,0.873211009,47.13474577,35.05138097,1.32E-07,0.03342998,12.04993469
,,,0.878165138,47.96183644,35.05588437,1.03E-07,0.028414946,12.87753702
,,,0.883119266,48.81412695,35.06028838,7.98E-08,0.024109933,13.72972856
,,,0.888073394,49.68902448,35.06459298,6.19E-08,0.020421309,14.60401013
,,,0.893027523,50.58362506,35.06879818,4.80E-08,0.01726671,15.49756013
,,,0.897981651,51.49471913,35.07290397,3.72E-08,0.014573841,16.40724128
,,,0.90293578,52.41880141,35.07691037,2.87E-08,0.012279393,17.32961162
,,,0.907889908,53.35208523,35.08081736,2.22E-08,0.010328047,18.2609398
,,,0.912844037,54.29052131,35.08462495,1.71E-08,0.008671574,19.19722477
,,,0.917798165,55.22982097,35.08833313,1.32E-08,0.00726802,20.1342198
,,,0.922752294,56.16548352,35.09194192,1.01E-08,0.006080967,21.06746062
,,,0.927706422,57.09282793,35.0954513,7.76E-09,0.005078877,21.99229775
,,,0.93266055,58.00702814,35.09886128,5.95E-09,0.00423449,22.90393236
,,,0.937614679,58.90315195,35.10217186,4.56E-09,0.003524301,23.79745579
,,,0.942568807,59.77620292,35.10538303,3.48E-09,0.002928082,24.6678918
,,,0.947522936,60.62116485,35.10849481,2.66E-09,0.002428466,25.51024158
,,,0.952477064,61.43304825,35.11150718,2.03E-09,0.00201057,26.3195305
,,,0.957431193,62.20693825,35.11442015,1.54E-09,0.00166167,27.09085643
,,,0.962385321,62.93804322,35.11723371,1.17E-09,0.00137091,27.8194386
,,,0.96733945,63.62174358,35.11994788,8.89E-10,0.001129045,28.50066666
,,,0.972293578,64.25363986,35.12256264,6.74E-10,0.000928223,29.130149
,,,0.977247706,64.82959952,35.12507799,5.10E-10,0.000761783,29.70375974
,,,0.982201835,65.34580176,35.12749395,3.86E-10,0.000624093,30.21768371
,,,0.987155963,65.79877951,35.12981051,2.91E-10,0.000510394,30.66845861
,,,0.992110092,66.18545818,35.13202766,2.19E-10,0.000416677,31.05301384
,,,0.99706422,66.50319034,35.13414541,1.65E-10,0.000339573,31.36870537
,,,1.002018349,66.74978592,35.13616375,1.24E-10,0.000276251,31.61334591
,,,1.006972477,66.9235373,35.1380827,9.31E-11,0.000224344,31.78523026
,,,1.011926606,67.02323912,35.13990224,6.98E-11,0.000181871,31.883155
,,,1.016880734,67.04820217,35.14162238,5.22E-11,0.00014718,31.90643261
,,,1.021834862,66.99826145,35.14324312,3.90E-11,0.000118898,31.85489944
,,,1.026788991,66.87377799,35.14476445,2.91E-11,9.59E-05,31.72891766
,,,1.031743119,66.67563458,35.14618638,2.17E-11,7.72E-05,31.52937101
,,,1.036697248,66.40522544,35.14750891,1.61E-11,6.20E-05,31.2576545
,,,1.041651376,66.06443993,35.14873204,1.20E-11,4.98E-05,30.91565813
,,,1.046605505,65.65564065,35.14985577,8.90E-12,3.98E-05,30.50574503
,,,1.051559633,65.18163619,35.15088009,6.59E-12,3.19E-05,30.03072425
,,,1.056513761,64.64564913,35.15180501,4.88E-12,2.54E-05,29.4938187
,,,1.06146789,64.05127959,35.15263053,3.60E-12,2.02E-05,28.89862881
,,,1.066422018,63.40246503,35.15335665,2.66E-12,1.61E-05,28.24909228
,,,1.071376147,62.70343695,35.15398336,1.96E-12,1.28E-05,27.54944081
,,,1.076330275,61.95867508,35.15451067,1.44E-12,1.01E-05,26.80415428
,,,1.081284404,61.17285977,35.15493858,1.06E-12,8.01E-06,26.01791318
,,,1.086238532,60.35082331,35.15526709,7.77E-13,6.33E-06,25.1955499
,,,1.091192661,59.49750088,35.15549619,5.69E-13,4.99E-06,24.3419997
,,,1.096146789,58.61788178,35.15562589,4.17E-13,3.92E-06,23.46225196
,,,1.101100917,57.71696165,35.15565619,3.04E-13,3.08E-06,22.56130238
,,,1.106055046,56.7996963,35.15558709,2.22E-13,2.42E-06,21.64410679
,,,1.111009174,55.87095769,35.15541859,1.62E-13,1.89E-06,20.71553721
,,,1.115963303,54.93549262,35.15515068,1.18E-13,1.48E-06,19.78034046
,,,1.120917431,53.99788461,35.15478337,8.55E-14,1.15E-06,18.84310009
,,,1.12587156,53.06251927,35.15431666,6.20E-14,8.98E-07,17.90820172
,,,1.130825688,52.13355358,35.15375054,4.49E-14,6.98E-07,16.97980234
,,,1.135779817,51.21488925,35.15308502,3.25E-14,5.41E-07,16.06180368
,,,1.140733945,50.31015034,35.15232011,2.35E-14,4.19E-07,15.15782981
,,,1.145688073,49.42266522,35.15145578,1.69E-14,3.24E-07,14.27120912
,,,1.150642202,48.55545296,35.15049206,1.22E-14,2.50E-07,13.40496065
,,,1.15559633,47.71121387,35.14942893,8.77E-15,1.93E-07,12.56178474
,,,1.160550459,46.89232438,35.1482664,6.30E-15,1.48E-07,11.74405782
,,,1.165504587,46.10083581,35.14700447,4.52E-15,1.14E-07,10.95383122
,,,1.170458716,45.33847694,35.14564314,3.24E-15,8.73E-08,10.19283371
,,,1.175412844,44.60666005,35.1441824,2.32E-15,6.68E-08,9.46247758
,,,1.180366972,43.90649012,35.14262227,1.65E-15,5.10E-08,8.763867806
,,,1.185321101,43.23877687,35.14096273,1.18E-15,3.89E-08,8.097814104
,,,1.190275229,42.60404921,35.13920378,8.40E-16,2.96E-08,7.464845398
,,,1.195229358,42.00257184,35.13734544,5.98E-16,2.25E-08,6.865226381
,,,1.200183486,41.43436348,35.13538769,4.24E-16,1.70E-08,6.298975772
,,,1.205137615,40.89921644,35.13333054,3.01E-16,1.29E-08,5.765885891
,,,1.210091743,40.39671718,35.13117399,2.13E-16,9.75E-09,5.265543184
,,,1.215045872,39.92626738,35.12891803,1.51E-16,7.36E-09,4.79734934
,,,1.22,39.48710535,35.12656268,1.06E-16,5.54E-09,4.360542669
,,,1.224954128,39.07832736,35.12410792,7.51E-17,4.17E-09,3.954219438
,,,1.229908257,38.69890862,35.12155375,5.29E-17,3.13E-09,3.577354862
,,,1.234862385,38.34772372,35.11890019,3.72E-17,2.34E-09,3.228823529
,,,1.239816514,38.02356624,35.11614722,2.61E-17,1.75E-09,2.907419012
,,,1.244770642,37.72516735,35.11329485,1.83E-17,1.31E-09,2.6118725
,,,1.249724771,37.45121337,35.11034308,1.28E-17,9.75E-10,2.34087029
,,,1.254678899,37.20036193,35.10729191,8.97E-18,7.25E-10,2.093070018
,,,1.259633028,36.97125688,35.10414133,6.26E-18,5.38E-10,1.867115542
,,,1.264587156,36.76254177,35.10089135,4.37E-18,3.99E-10,1.66165042
,,,1.269541284,36.57287193,35.09754197,3.04E-18,2.95E-10,1.475329951
,,,1.274495413,36.40092497,35.09409319,2.11E-18,2.18E-10,1.306831779
,,,1.279449541,36.24541007,35.09054501,1.47E-18,1.61E-10,1.154865068
,,,1.28440367,36.10507571,35.08689742,1.02E-18,1.18E-10,1.018178291
,,,1.289357798,35.97871613,35.08315043,7.05E-19,8.71E-11,0.895565699
,,,1.294311927,35.86517655,35.07930403,4.87E-19,6.39E-11,0.785872515
,,,1.299266055,35.76335719,35.07535824,3.36E-19,4.68E-11,0.687998955
,,,1.304220183,35.6722162,35.07131304,2.32E-19,3.42E-11,0.60090316
,,,1.309174312,35.59077156,35.06716844,1.60E-19,2.49E-11,0.523603121
,,,1.31412844,35.51810216,35.06292444,1.10E-19,1.82E-11,0.45517772
,,,1.319082569,35.45334799,35.05858104,7.54E-20,1.32E-11,0.394766958
,,,1.324036697,35.39570973,35.05413823,5.17E-20,9.59E-12,0.341571498
,,,1.328990826,35.34444762,35.04959602,3.54E-20,6.95E-12,0.294851597
,,,1.333944954,35.29887994,35.04495441,2.42E-20,5.03E-12,0.253925534
,,,1.338899083,35.25838102,35.04021339,1.65E-20,3.63E-12,0.21816762
,,,1.343853211,35.22237885,35.03537298,1.13E-20,2.62E-12,0.187005872
,,,1.348807339,35.19035259,35.03043316,7.66E-21,1.88E-12,0.159919427
,,,1.353761468,35.16182971,35.02539394,5.21E-21,1.35E-12,0.136435767
,,,1.358715596,35.13638314,35.02025532,3.54E-21,9.70E-13,0.116127821
,,,1.363669725,35.11362829,35.01501729,2.40E-21,6.94E-13,0.098610996
,,,1.368623853,35.09322005,35.00967986,1.62E-21,4.96E-13,0.083540188
,,,1.373577982,35.07484984,35.00424303,1.10E-21,3.54E-13,0.070606808
,,,1.37853211,35.05824267,34.9987068,7.40E-22,2.52E-13,0.059535875
,,,1.383486239,35.04315435,34.99307116,4.99E-22,1.79E-13,0.050083184
,,,1.388440367,35.02936872,34.98733613,3.36E-22,1.27E-13,0.04203259
,,,1.393394495,35.0166951,34.98150169,2.26E-22,9.00E-14,0.035193415
,,,1.398348624,35.00496584,34.97556784,1.52E-22,6.36E-14,0.029397993
,,,1.403302752,34.99403397,34.9695346,1.02E-22,4.49E-14,0.024499375
,,,1.408256881,34.98377112,34.96340195,6.80E-23,3.16E-14,0.02036917
,,,1.413211009,34.97406547,34.9571699,4.54E-23,2.22E-14,0.016895565
,,,1.418165138,34.96481993,34.95083845,3.03E-23,1.56E-14,0.013981479
,,,1.423119266,34.95595049,34.9444076,2.02E-23,1.09E-14,0.01154289
,,,1.428073394,34.94738464,34.93787734,1.35E-23,7.66E-15,0.009507296
,,,1.433027523,34.93906001,34.93124768,8.94E-24,5.35E-15,0.007812329
,,,1.437981651,34.93092312,34.92451862,5.93E-24,3.73E-15,0.006404497
,,,1.44293578,34.92292822,34.91769016,3.93E-24,2.60E-15,0.005238061
,,,1.447889908,34.91503632,34.91076229,2.60E-24,1.80E-15,0.004274026
,,,1.452844037,34.90721427,34.90373502,1.72E-24,1.25E-15,0.003479243
,,,1.457798165,34.89943397,34.89660835,1.14E-24,8.66E-16,0.002825618
,,,1.462752294,34.89167169,34.88938228,7.48E-25,5.98E-16,0.002289408
,,,1.467706422,34.88390741,34.88205681,4.92E-25,4.13E-16,0.001850605
,,,1.47266055,34.87612433,34.87463193,3.23E-25,2.84E-16,0.001492401
,,,1.477614679,34.86830836,34.86710765,2.12E-25,1.95E-16,0.00120071
,,,1.482568807,34.86044773,34.85948397,1.39E-25,1.34E-16,0.000963767
,,,1.487522936,34.85253265,34.85176088,9.10E-26,9.19E-17,0.000771768
,,,1.492477064,34.84455496,34.84393839,5.95E-26,6.28E-17,0.000616571
,,,1.497431193,34.83650793,34.8360165,3.88E-26,4.29E-17,0.000491428
,,,1.502385321,34.82838598,34.82799521,2.53E-26,2.92E-17,0.000390767
,,,1.50733945,34.82018451,34.81987452,1.65E-26,1.99E-17,0.000309996
,,,1.512293578,34.81189977,34.81165442,1.07E-26,1.35E-17,0.000245345
,,,1.517247706,34.80352864,34.80333492,6.94E-27,9.16E-18,0.000193721
,,,1.522201835,34.79506862,34.79491602,4.49E-27,6.20E-18,0.000152602
,,,1.527155963,34.78651765,34.78639772,2.91E-27,4.19E-18,0.000119929
,,,1.532110092,34.77787404,34.77778001,1.88E-27,2.82E-18,9.40E-05
,,,1.53706422,34.76913645,34.7690629,1.21E-27,1.90E-18,7.36E-05
,,,1.542018349,34.76030379,34.76024639,7.81E-28,1.28E-18,5.74E-05
,,,1.546972477,34.75137517,34.75133048,5.02E-28,8.57E-19,4.47E-05
,,,1.551926606,34.74234987,34.74231516,3.23E-28,5.74E-19,3.47E-05
,,,1.556880734,34.73322734,34.73320045,2.07E-28,3.83E-19,2.69E-05
,,,1.561834862,34.72400712,34.72398633,1.33E-28,2.56E-19,2.08E-05
,,,1.566788991,34.71468884,34.7146728,8.49E-29,1.70E-19,1.60E-05
,,,1.571743119,34.70527222,34.70525988,5.42E-29,1.13E-19,1.23E-05
,,,1.576697248,34.69575702,34.69574755,3.46E-29,7.52E-20,9.47E-06
,,,1.581651376,34.68614308,34.68613582,2.20E-29,4.98E-20,7.26E-06
,,,1.586605505,34.67643023,34.67642469,1.40E-29,3.30E-20,5.54E-06
,,,1.591559633,34.66661838,34.66661415,8.90E-30,2.18E-20,4.23E-06
,,,1.596513761,34.65670743,34.65670422,5.65E-30,1.44E-20,3.21E-06
,,,1.60146789,34.64669732,34.64669488,3.58E-30,9.44E-21,2.44E-06
,,,1.606422018,34.63658798,34.63658614,2.26E-30,6.20E-21,1.85E-06
,,,1.611376147,34.62637939,34.62637799,1.43E-30,4.07E-21,1.39E-06
,,,1.616330275,34.6160715,34.61607045,9.01E-31,2.66E-21,1.05E-06
,,,1.621284404,34.60566429,34.6056635,5.68E-31,1.74E-21,7.89E-07
,,,1.626238532,34.59515774,34.59515715,3.57E-31,1.13E-21,5.92E-07
,,,1.631192661,34.58455184,34.58455139,2.24E-31,7.39E-22,4.43E-07
,,,1.636146789,34.57384657,34.57384624,1.41E-31,4.80E-22,3.30E-07
,,,1.641100917,34.56304193,34.56304168,8.81E-32,3.11E-22,2.46E-07
,,,1.646055046,34.5521379,34.55213772,5.51E-32,2.02E-22,1.83E-07
,,,1.651009174,34.54113449,34.54113436,3.44E-32,1.30E-22,1.35E-07
,,,1.655963303,34.53003169,34.53003159,2.15E-32,8.42E-23,1.00E-07
,,,1.660917431,34.5188295,34.51882942,1.34E-32,5.42E-23,7.39E-08
,,,1.66587156,34.50752791,34.50752785,8.31E-33,3.49E-23,5.44E-08
,,,1.670825688,34.49612692,34.49612688,5.16E-33,2.24E-23,3.99E-08
,,,1.675779817,34.48462654,34.48462651,3.20E-33,1.44E-23,2.92E-08
,,,1.680733945,34.47302675,34.47302673,1.98E-33,9.18E-24,2.14E-08
,,,1.685688073,34.46132757,34.46132755,1.23E-33,5.87E-24,1.56E-08
,,,1.690642202,34.44952898,34.44952897,7.57E-34,3.74E-24,1.13E-08
,,,1.69559633,34.43763099,34.43763099,4.67E-34,2.38E-24,8.22E-09
,,,1.700550459,34.42563361,34.4256336,2.88E-34,1.51E-24,5.95E-09
,,,1.705504587,34.41353682,34.41353681,1.77E-34,9.59E-25,4.30E-09
,,,1.710458716,34.40134062,34.40134062,1.09E-34,6.07E-25,3.10E-09
,,,1.715412844,34.38904503,34.38904503,6.66E-35,3.84E-25,2.23E-09
,,,1.720366972,34.37665003,34.37665003,4.08E-35,2.42E-25,1.60E-09
,,,1.725321101,34.36415563,34.36415563,2.49E-35,1.52E-25,1.14E-09
,,,1.730275229,34.35156183,34.35156183,1.52E-35,9.58E-26,8.16E-10
,,,1.735229358,34.33886863,34.33886863,9.28E-36,6.01E-26,5.81E-10
,,,1.740183486,34.32607602,34.32607602,5.65E-36,3.77E-26,4.13E-10
,,,1.745137615,34.31318402,34.31318402,3.44E-36,2.36E-26,2.92E-10
,,,1.750091743,34.30019261,34.30019261,2.09E-36,1.47E-26,2.07E-10
,,,1.755045872,34.28710179,34.28710179,1.26E-36,9.17E-27,1.46E-10
,,,1.76,34.27391158,34.27391158,7.66E-37,5.70E-27,1.03E-10
,,,1.764954128,34.26062196,34.26062196,4.63E-37,3.54E-27,7.21E-11
,,,1.769908257,34.24723294,34.24723294,2.80E-37,2.20E-27,5.05E-11
,,,1.774862385,34.23374452,34.23374452,1.69E-37,1.36E-27,3.53E-11
,,,1.779816514,34.2201567,34.2201567,1.01E-37,8.39E-28,2.46E-11
,,,1.784770642,34.20646947,34.20646947,6.10E-38,5.17E-28,1.71E-11
,,,1.789724771,34.19268284,34.19268284,3.66E-38,3.19E-28,1.19E-11
,,,1.794678899,34.17879681,34.17879681,2.19E-38,1.96E-28,8.23E-12
,,,1.799633028,34.16481138,34.16481138,1.31E-38,1.20E-28,5.68E-12
,,,1.804587156,34.15072654,34.15072654,7.85E-39,7.35E-29,3.92E-12
,,,1.809541284,34.1365423,34.1365423,4.69E-39,4.49E-29,2.69E-12
,,,1.814495413,34.12225866,34.12225866,2.80E-39,2.74E-29,1.85E-12
,,,1.819449541,34.10787562,34.10787562,1.66E-39,1.67E-29,1.26E-12
,,,1.82440367,34.09339317,34.09339317,9.89E-40,1.02E-29,8.63E-13
,,,1.829357798,34.07881132,34.07881132,5.87E-40,6.17E-30,5.88E-13
,,,1.834311927,34.06413007,34.06413007,3.48E-40,3.74E-30,3.99E-13
,,,1.839266055,34.04934942,34.04934942,2.06E-40,2.26E-30,2.71E-13
,,,1.844220183,34.03446937,34.03446937,1.22E-40,1.36E-30,1.83E-13
,,,1.849174312,34.01948991,34.01948991,7.19E-41,8.23E-31,1.24E-13
,,,1.85412844,34.00441105,34.00441105,4.24E-41,4.95E-31,8.32E-14
,,,1.859082569,33.98923279,33.98923279,2.49E-41,2.97E-31,5.59E-14
,,,1.864036697,33.97395512,33.97395512,1.47E-41,1.78E-31,3.74E-14
,,,1.868990826,33.95857806,33.95857806,8.60E-42,1.07E-31,2.50E-14
,,,1.873944954,33.94310159,33.94310159,5.04E-42,6.37E-32,1.67E-14
,,,1.878899083,33.92752572,33.92752572,2.95E-42,3.80E-32,1.11E-14
,,,1.883853211,33.91185044,33.91185044,1.72E-42,2.26E-32,7.37E-15
,,,1.888807339,33.89607577,33.89607577,1.01E-42,1.35E-32,4.88E-15
,,,1.893761468,33.88020169,33.88020169,5.86E-43,7.98E-33,3.22E-15
,,,1.898715596,33.86422821,33.86422821,3.41E-43,4.73E-33,2.12E-15
,,,1.903669725,33.84815532,33.84815532,1.98E-43,2.80E-33,1.40E-15
,,,1.908623853,33.83198304,33.83198304,1.15E-43,1.65E-33,9.16E-16
,,,1.913577982,33.81571135,33.81571135,6.67E-44,9.72E-34,6.00E-16
,,,1.91853211,33.79934026,33.79934026,3.86E-44,5.72E-34,3.91E-16
,,,1.923486239,33.78286977,33.78286977,2.23E-44,3.36E-34,2.55E-16
,,,1.928440367,33.76629987,33.76629987,1.29E-44,1.97E-34,1.66E-16
,,,1.933394495,33.74963057,33.74963057,7.42E-45,1.15E-34,1.07E-16
,,,1.938348624,33.73286187,33.73286187,4.27E-45,6.72E-35,6.95E-17
,,,1.943302752,33.71599377,33.71599377,2.45E-45,3.92E-35,4.48E-17
,,,1.948256881,33.69902627,33.69902627,1.41E-45,2.28E-35,2.89E-17
,,,1.953211009,33.68195936,33.68195936,8.06E-46,1.33E-35,1.85E-17
,,,1.958165138,33.66479305,33.66479305,4.61E-46,7.68E-36,1.19E-17
,,,1.963119266,33.64752734,33.64752734,2.64E-46,4.45E-36,7.60E-18
,,,1.968073394,33.63016222,33.63016222,1.50E-46,2.57E-36,4.84E-18
,,,1.973027523,33.61269771,33.61269771,8.57E-47,1.48E-36,3.08E-18
,,,1.977981651,33.59513379,33.59513379,4.87E-47,8.54E-37,1.96E-18
,,,1.98293578,33.57747047,33.57747047,2.77E-47,4.91E-37,1.24E-18
,,,1.987889908,33.55970775,33.55970775,1.57E-47,2.82E-37,7.83E-19
,,,1.992844037,33.54184562,33.54184562,8.90E-48,1.61E-37,4.94E-19
,,,1.997798165,33.52388409,33.52388409,5.04E-48,9.23E-38,3.10E-19
,,,2.002752294,33.50582316,33.50582316,2.85E-48,5.27E-38,1.95E-19
,,,2.007706422,33.48766283,33.48766283,1.61E-48,3.00E-38,1.22E-19
,,,2.01266055,33.46940309,33.46940309,9.04E-49,1.71E-38,7.61E-20
,,,2.017614679,33.45104395,33.45104395,5.09E-49,9.70E-39,4.74E-20
,,,2.022568807,33.43258541,33.43258541,2.86E-49,5.50E-39,2.95E-20
,,,2.027522936,33.41402747,33.41402747,1.60E-49,3.11E-39,1.83E-20
,,,2.032477064,33.39537013,33.39537013,8.98E-50,1.76E-39,1.13E-20
,,,2.037431193,33.37661338,33.37661338,5.02E-50,9.91E-40,6.98E-21
,,,2.042385321,33.35775723,33.35775723,2.81E-50,5.58E-40,4.30E-21
,,,2.04733945,33.33880168,33.33880168,1.57E-50,3.14E-40,2.64E-21
,,,2.052293578,33.31974673,33.31974673,8.72E-51,1.76E-40,1.62E-21
,,,2.057247706,33.30059237,33.30059237,4.85E-51,9.85E-41,9.89E-22
,,,2.062201835,33.28133861,33.28133861,2.69E-51,5.51E-41,6.03E-22
,,,2.067155963,33.26198545,33.26198545,1.49E-51,3.07E-41,3.67E-22
,,,2.072110092,33.24253288,33.24253288,8.28E-52,1.71E-41,2.23E-22
,,,2.07706422,33.22298092,33.22298092,4.58E-52,9.52E-42,1.35E-22
,,,2.082018349,33.20332955,33.20332955,2.53E-52,5.28E-42,8.16E-23
,,,2.086972477,33.18357878,33.18357878,1.39E-52,2.93E-42,4.92E-23
,,,2.091926606,33.16372861,33.16372861,7.68E-53,1.62E-42,2.96E-23
,,,2.096880734,33.14377903,33.14377903,4.22E-53,8.94E-43,1.77E-23
,,,2.101834862,33.12373005,33.12373005,2.32E-53,4.93E-43,1.06E-23
,,,2.106788991,33.10358167,33.10358167,1.27E-53,2.71E-43,6.35E-24
,,,2.111743119,33.08333389,33.08333389,6.97E-54,1.49E-43,3.78E-24
,,,2.116697248,33.06298671,33.06298671,3.81E-54,8.16E-44,2.25E-24
,,,2.121651376,33.04254012,33.04254012,2.08E-54,4.47E-44,1.33E-24
,,,2.126605505,33.02199413,33.02199413,1.14E-54,2.44E-44,7.89E-25
,,,2.131559633,33.00134874,33.00134874,6.18E-55,1.33E-44,4.65E-25
,,,2.136513761,32.98060394,32.98060394,3.36E-55,7.25E-45,2.74E-25
,,,2.14146789,32.95975975,32.95975975,1.83E-55,3.94E-45,1.61E-25
,,,2.146422018,32.93881615,32.93881615,9.90E-56,2.14E-45,9.44E-26
,,,2.151376147,32.91777314,32.91777314,5.36E-56,1.16E-45,5.52E-26
,,,2.156330275,32.89663074,32.89663074,2.90E-56,6.26E-46,3.22E-26
,,,2.161284404,32.87538893,32.87538893,1.57E-56,3.38E-46,1.87E-26
,,,2.166238532,32.85404773,32.85404773,8.44E-57,1.82E-46,1.09E-26
,,,2.171192661,32.83260712,32.83260712,4.54E-57,9.79E-47,6.30E-27
,,,2.176146789,32.8110671,32.8110671,2.44E-57,5.26E-47,3.64E-27
,,,2.181100917,32.78942769,32.78942769,1.31E-57,2.82E-47,2.10E-27
,,,2.186055046,32.76768887,32.76768887,7.04E-58,1.51E-47,1.21E-27
,,,2.191009174,32.74585065,32.74585065,3.77E-58,8.05E-48,6.93E-28
,,,2.195963303,32.72391303,32.72391303,2.01E-58,4.29E-48,3.97E-28
,,,2.200917431,32.701876,32.701876,1.08E-58,2.28E-48,2.27E-28
,,,2.20587156,32.67973957,32.67973957,5.73E-59,1.21E-48,1.29E-28
,,,2.210825688,32.65750374,32.65750374,3.05E-59,6.44E-49,7.35E-29
,,,2.215779817,32.63516851,32.63516851,1.62E-59,3.41E-49,4.17E-29
,,,2.220733945,32.61273388,32.61273388,8.62E-60,1.80E-49,2.36E-29
,,,2.225688073,32.59019984,32.59019984,4.57E-60,9.50E-50,1.33E-29
,,,2.230642202,32.5675664,32.5675664,2.42E-60,5.00E-50,7.50E-30
,,,2.23559633,32.54483356,32.54483356,1.28E-60,2.63E-50,4.21E-30
,,,2.240550459,32.52200131,32.52200131,6.75E-61,1.38E-50,2.36E-30
,,,2.245504587,32.49906967,32.49906967,3.56E-61,7.23E-51,1.32E-30
,,,2.250458716,32.47603862,32.47603862,1.87E-61,3.78E-51,7.37E-31
,,,2.255412844,32.45290817,32.45290817,9.85E-62,1.97E-51,4.10E-31
,,,2.260366972,32.42967831,32.42967831,5.17E-62,1.03E-51,2.28E-31
,,,2.265321101,32.40634906,32.40634906,2.71E-62,5.35E-52,1.26E-31
,,,2.270275229,32.3829204,32.3829204,1.42E-62,2.78E-52,6.98E-32
,,,2.275229358,32.35939234,32.35939234,7.41E-63,1.44E-52,3.85E-32
,,,2.280183486,32.33576488,32.33576488,3.87E-63,7.45E-53,2.12E-32
,,,2.285137615,32.31203801,32.31203801,2.02E-63,3.85E-53,1.16E-32
,,,2.290091743,32.28821174,32.28821174,1.05E-63,1.99E-53,6.36E-33
,,,2.295045872,32.26428607,32.26428607,5.46E-64,1.02E-53,3.47E-33
,,,2.3,32.240261,32.240261,2.83E-64,5.25E-54,1.89E-33
,,,2.304954128,32.21613653,32.21613653,1.47E-64,2.69E-54,1.03E-33
,,,2.309908257,32.19191265,32.19191265,7.60E-65,1.38E-54,5.58E-34
,,,2.314862385,32.16758937,32.16758937,3.93E-65,7.05E-55,3.02E-34
,,,2.319816514,32.14316669,32.14316669,2.03E-65,3.60E-55,1.63E-34
,,,2.324770642,32.1186446,32.1186446,1.04E-65,1.83E-55,8.79E-35
,,,2.329724771,32.09402312,32.09402312,5.38E-66,9.32E-56,4.72E-35
,,,2.334678899,32.06930223,32.06930223,2.76E-66,4.73E-56,2.53E-35
,,,2.339633028,32.04448194,32.04448194,1.42E-66,2.40E-56,1.35E-35
,,,2.344587156,32.01956224,32.01956224,7.27E-67,1.21E-56,7.23E-36
,,,2.349541284,31.99454315,31.99454315,3.72E-67,6.12E-57,3.85E-36
,,,2.354495413,31.96942465,31.96942465,1.90E-67,3.08E-57,2.04E-36
,,,2.359449541,31.94420675,31.94420675,9.70E-68,1.55E-57,1.08E-36
,,,2.36440367,31.91888945,31.91888945,4.94E-68,7.80E-58,5.73E-37
,,,2.369357798,31.89347274,31.89347274,2.52E-68,3.91E-58,3.02E-37
,,,2.374311927,31.86795663,31.86795663,1.28E-68,1.96E-58,1.59E-37
,,,2.379266055,31.84234112,31.84234112,6.49E-69,9.77E-59,8.34E-38
,,,2.384220183,31.81662621,31.81662621,3.29E-69,4.87E-59,4.37E-38
,,,2.389174312,31.79081189,31.79081189,1.66E-69,2.43E-59,2.28E-38
,,,2.39412844,31.76489818,31.76489818,8.40E-70,1.21E-59,1.19E-38
,,,2.399082569,31.73888506,31.73888506,4.24E-70,5.99E-60,6.19E-39
,,,2.404036697,31.71277254,31.71277254,2.14E-70,2.96E-60,3.21E-39
,,,2.408990826,31.68656061,31.68656061,1.08E-70,1.47E-60,1.66E-39
,,,2.413944954,31.66024928,31.66024928,5.40E-71,7.23E-61,8.58E-40
,,,2.418899083,31.63383856,31.63383856,2.71E-71,3.56E-61,4.42E-40
,,,2.423853211,31.60732842,31.60732842,1.36E-71,1.75E-61,2.27E-40
,,,2.428807339,31.58071889,31.58071889,6.79E-72,8.60E-62,1.16E-40
,,,2.433761468,31.55400995,31.55400995,3.39E-72,4.22E-62,5.96E-41
,,,2.438715596,31.52720162,31.52720162,1.69E-72,2.06E-62,3.04E-41
,,,2.443669725,31.50029387,31.50029387,8.44E-73,1.01E-62,1.55E-41
,,,2.448623853,31.47328673,31.47328673,4.20E-73,4.91E-63,7.86E-42
,,,2.453577982,31.44618019,31.44618019,2.09E-73,2.39E-63,3.98E-42
,,,2.45853211,31.41897424,31.41897424,1.03E-73,1.16E-63,2.01E-42
,,,2.463486239,31.39166889,31.39166889,5.13E-74,5.63E-64,1.02E-42
,,,2.468440367,31.36426413,31.36426413,2.54E-74,2.73E-64,5.11E-43
,,,2.473394495,31.33675998,31.33675998,1.25E-74,1.32E-64,2.57E-43
,,,2.478348624,31.30915642,31.30915642,6.18E-75,6.36E-65,1.29E-43
,,,2.483302752,31.28145346,31.28145346,3.04E-75,3.06E-65,6.42E-44
,,,2.488256881,31.2536511,31.2536511,1.50E-75,1.47E-65,3.20E-44
,,,2.493211009,31.22574934,31.22574934,7.36E-76,7.06E-66,1.59E-44
,,,2.498165138,31.19774817,31.19774817,3.61E-76,3.38E-66,7.90E-45
,,,2.503119266,31.1696476,31.1696476,1.77E-76,1.62E-66,3.91E-45
,,,2.508073394,31.14144763,31.14144763,8.64E-77,7.72E-67,1.93E-45
,,,2.513027523,31.11314825,31.11314825,4.22E-77,3.68E-67,9.52E-46
,,,2.517981651,31.08474948,31.08474948,2.06E-77,1.75E-67,4.68E-46
,,,2.52293578,31.0562513,31.0562513,1.00E-77,8.31E-68,2.30E-46
,,,2.527889908,31.02765372,31.02765372,4.88E-78,3.94E-68,1.12E-46
,,,2.532844037,30.99895673,30.99895673,2.37E-78,1.86E-68,5.48E-47
,,,2.537798165,30.97016035,30.97016035,1.15E-78,8.81E-69,2.67E-47
,,,2.542752294,30.94126456,30.94126456,5.57E-79,4.15E-69,1.30E-47
,,,2.547706422,30.91226937,30.91226937,2.69E-79,1.96E-69,6.28E-48
,,,2.55266055,30.88317478,30.88317478,1.30E-79,9.19E-70,3.04E-48
,,,2.557614679,30.85398078,30.85398078,6.27E-80,4.31E-70,1.47E-48
,,,2.562568807,30.82468738,30.82468738,3.02E-80,2.02E-70,7.06E-49
,,,2.567522936,30.79529458,30.79529458,1.45E-80,9.43E-71,3.39E-49
,,,2.572477064,30.76580238,30.76580238,6.98E-81,4.40E-71,1.62E-49
,,,2.577431193,30.73621078,30.73621078,3.35E-81,2.05E-71,7.76E-50
,,,2.582385321,30.70651977,30.70651977,1.60E-81,9.53E-72,3.70E-50
,,,2.58733945,30.67672936,30.67672936,7.66E-82,4.42E-72,1.76E-50
,,,2.592293578,30.64683955,30.64683955,3.66E-82,2.05E-72,8.35E-51
,,,2.597247706,30.61685033,30.61685033,1.74E-82,9.48E-73,3.95E-51
,,,2.602201835,30.58676172,30.58676172,8.31E-83,4.38E-73,1.87E-51
,,,2.607155963,30.5565737,30.5565737,3.95E-83,2.02E-73,8.80E-52
,,,2.612110092,30.52628628,30.52628628,1.88E-83,9.29E-74,4.13E-52
,,,2.61706422,30.49589945,30.49589945,8.90E-84,4.26E-74,1.94E-52
,,,2.622018349,30.46541323,30.46541323,4.21E-84,1.96E-74,9.07E-53
,,,2.626972477,30.4348276,30.4348276,1.99E-84,8.95E-75,4.24E-53
,,,2.631926606,30.40414257,30.40414257,9.40E-85,4.09E-75,1.97E-53
,,,2.636880734,30.37335814,30.37335814,4.43E-85,1.86E-75,9.17E-54
,,,2.641834862,30.3424743,30.3424743,2.09E-85,8.49E-76,4.25E-54
,,,2.646788991,30.31149106,30.31149106,9.82E-86,3.86E-76,1.97E-54
,,,2.651743119,30.28040842,30.28040842,4.61E-86,1.75E-76,9.07E-55
,,,2.656697248,30.24922638,30.24922638,2.16E-86,7.93E-77,4.17E-55
,,,2.661651376,30.21794493,30.21794493,1.01E-86,3.59E-77,1.92E-55
,,,2.666605505,30.18656409,30.18656409,4.73E-87,1.62E-77,8.78E-56
,,,2.671559633,30.15508384,30.15508384,2.21E-87,7.29E-78,4.01E-56
,,,2.676513761,30.12350419,30.12350419,1.03E-87,3.28E-78,1.83E-56
,,,2.68146789,30.09182513,30.09182513,4.79E-88,1.47E-78,8.32E-57
,,,2.686422018,30.06004667,30.06004667,2.23E-88,6.60E-79,3.78E-57
,,,2.691376147,30.02816882,30.02816882,1.03E-88,2.95E-79,1.71E-57
,,,2.696330275,29.99619155,29.99619155,4.80E-89,1.32E-79,7.73E-58
,,,2.701284404,29.96411489,29.96411489,2.22E-89,5.88E-80,3.48E-58
,,,2.706238532,29.93193882,29.93193882,1.03E-89,2.61E-80,1.57E-58
,,,2.711192661,29.89966336,29.89966336,4.74E-90,1.16E-80,7.02E-59
,,,2.716146789,29.86728848,29.86728848,2.18E-90,5.15E-81,3.14E-59
,,,2.721100917,29.83481421,29.83481421,1.01E-90,2.28E-81,1.40E-59
,,,2.726055046,29.80224054,29.80224054,4.62E-91,1.01E-81,6.25E-60
,,,2.731009174,29.76956746,29.76956746,2.12E-91,4.45E-82,2.78E-60
,,,2.735963303,29.73679498,29.73679498,9.72E-92,1.96E-82,1.23E-60
,,,2.740917431,29.70392309,29.70392309,4.45E-92,8.61E-83,5.45E-61
,,,2.74587156,29.67095181,29.67095181,2.03E-92,3.78E-83,2.40E-61
,,,2.750825688,29.63788112,29.63788112,9.28E-93,1.65E-83,1.06E-61
,,,2.755779817,29.60471103,29.60471103,4.23E-93,7.24E-84,4.65E-62
,,,2.760733945,29.57144154,29.57144154,1.93E-93,3.16E-84,2.04E-62
,,,2.765688073,29.53807265,29.53807265,8.75E-94,1.38E-84,8.90E-63
,,,2.770642202,29.50460435,29.50460435,3.97E-94,5.99E-85,3.88E-63
,,,2.77559633,29.47103665,29.47103665,1.80E-94,2.60E-85,1.69E-63
,,,2.780550459,29.43736955,29.43736955,8.15E-95,1.13E-85,7.33E-64
,,,2.785504587,29.40360304,29.40360304,3.68E-95,4.88E-86,3.18E-64
,,,2.790458716,29.36973714,29.36973714,1.66E-95,2.11E-86,1.37E-64
,,,2.795412844,29.33577183,29.33577183,7.49E-96,9.08E-87,5.91E-65
,,,2.800366972,29.30170712,29.30170712,3.37E-96,3.91E-87,2.54E-65
,,,2.805321101,29.267543,29.267543,1.51E-96,1.68E-87,1.09E-65
,,,2.810275229,29.23327949,29.23327949,6.80E-97,7.21E-88,4.67E-66
,,,2.815229358,29.19891657,29.19891657,3.05E-97,3.09E-88,1.99E-66
,,,2.820183486,29.16445425,29.16445425,1.36E-97,1.32E-88,8.49E-67
,,,2.825137615,29.12989253,29.12989253,6.09E-98,5.63E-89,3.61E-67
,,,2.830091743,29.0952314,29.0952314,2.72E-98,2.40E-89,1.53E-67
,,,2.835045872,29.06047087,29.06047087,1.21E-98,1.02E-89,6.47E-68
,,,2.84,29.02561094,29.02561094,5.39E-99,4.33E-90,2.73E-68
,,,2.844954128,28.99065161,28.99065161,2.39E-99,1.83E-90,1.15E-68
,,,2.849908257,28.95559288,28.95559288,1.06E-99,7.75E-91,4.83E-69
,,,2.854862385,28.92043474,28.92043474,4.71E-100,3.27E-91,2.03E-69
,,,2.859816514,28.8851772,28.8851772,2.08E-100,1.38E-91,8.47E-70
,,,2.864770642,28.84982026,28.84982026,9.21E-101,5.81E-92,3.53E-70
,,,2.869724771,28.81436391,28.81436391,4.06E-101,2.44E-92,1.47E-70
,,,2.874678899,28.77880817,28.77880817,1.79E-101,1.02E-92,6.10E-71
,,,2.879633028,28.74315302,28.74315302,7.87E-102,4.28E-93,2.53E-71
,,,2.884587156,28.70739847,28.70739847,3.46E-102,1.79E-93,1.04E-71
,,,2.889541284,28.67154451,28.67154451,1.52E-102,7.46E-94,4.30E-72
,,,2.894495413,28.63559116,28.63559116,6.65E-103,3.10E-94,1.77E-72
,,,2.899449541,28.5995384,28.5995384,2.91E-103,1.29E-94,7.26E-73
,,,2.90440367,28.56338624,28.56338624,1.27E-103,5.35E-95,2.97E-73
,,,2.909357798,28.52713468,28.52713468,5.54E-104,2.22E-95,1.21E-73
,,,2.914311927,28.49078371,28.49078371,2.42E-104,9.17E-96,4.95E-74
,,,2.919266055,28.45433334,28.45433334,1.05E-104,3.78E-96,2.01E-74
,,,2.924220183,28.41778357,28.41778357,4.56E-105,1.56E-96,8.15E-75
,,,2.929174312,28.3811344,28.3811344,1.98E-105,6.41E-97,3.30E-75
,,,2.93412844,28.34438582,28.34438582,8.58E-106,2.63E-97,1.33E-75
,,,2.939082569,28.30753785,28.30753785,3.71E-106,1.08E-97,5.36E-76
,,,2.944036697,28.27059047,28.27059047,1.60E-106,4.41E-98,2.15E-76
,,,2.948990826,28.23354369,28.23354369,6.91E-107,1.80E-98,8.63E-77
,,,2.953944954,28.1963975,28.1963975,2.98E-107,7.35E-99,3.45E-77
,,,2.958899083,28.15915191,28.15915191,1.28E-107,2.99E-99,1.38E-77
,,,2.963853211,28.12180693,28.12180693,5.50E-108,1.21E-99,5.48E-78
,,,2.968807339,28.08436253,28.08436253,2.36E-108,4.92E-100,2.18E-78
,,,2.973761468,28.04681874,28.04681874,1.01E-108,1.99E-100,8.62E-79
,,,2.978715596,28.00917554,28.00917554,4.32E-109,8.06E-101,3.41E-79
,,,2.983669725,27.97143295,27.97143295,1.85E-109,3.25E-101,1.34E-79
,,,2.988623853,27.93359094,27.93359094,7.88E-110,1.31E-101,5.28E-80
,,,2.993577982,27.89564954,27.89564954,3.35E-110,5.26E-102,2.07E-80
,,,2.99853211,27.85760874,27.85760874,1.43E-110,2.11E-102,8.11E-81
,,,3.003486239,27.81946853,27.81946853,6.06E-111,8.46E-103,3.17E-81
,,,3.008440367,27.78122892,27.78122892,2.57E-111,3.38E-103,1.24E-81
,,,3.013394495,27.7428899,27.7428899,1.09E-111,1.35E-103,4.80E-82
,,,3.018348624,27.70445149,27.70445149,4.60E-112,5.38E-104,1.86E-82
,,,3.023302752,27.66591367,27.66591367,1.94E-112,2.14E-104,7.21E-83
,,,3.028256881,27.62727645,27.62727645,8.20E-113,8.50E-105,2.78E-83
,,,3.033211009,27.58853983,27.58853983,3.45E-113,3.37E-105,1.07E-83
,,,3.038165138,27.54970381,27.54970381,1.45E-113,1.33E-105,4.12E-84
,,,3.043119266,27.51076838,27.51076838,6.10E-114,5.26E-106,1.58E-84
,,,3.048073394,27.47173355,27.47173355,2.56E-114,2.08E-106,6.03E-85
,,,3.053027523,27.43259932,27.43259932,1.07E-114,8.17E-107,2.30E-85
,,,3.057981651,27.39336568,27.39336568,4.48E-115,3.21E-107,8.76E-86
,,,3.06293578,27.35403265,27.35403265,1.87E-115,1.26E-107,3.33E-86
,,,3.067889908,27.31460021,27.31460021,7.79E-116,4.93E-108,1.26E-86
,,,3.072844037,27.27506837,27.27506837,3.25E-116,1.93E-108,4.76E-87
,,,3.077798165,27.23543712,27.23543712,1.35E-116,7.52E-109,1.80E-87
,,,3.082752294,27.19570648,27.19570648,5.60E-117,2.93E-109,6.76E-88
,,,3.087706422,27.15587643,27.15587643,2.32E-117,1.14E-109,2.54E-88
,,,3.09266055,27.11594698,27.11594698,9.62E-118,4.42E-110,9.50E-89
,,,3.097614679,27.07591813,27.07591813,3.98E-118,1.71E-110,3.55E-89
,,,3.102568807,27.03578987,27.03578987,1.64E-118,6.63E-111,1.32E-89
,,,3.107522936,26.99556221,26.99556221,6.77E-119,2.56E-111,4.91E-90
,,,3.112477064,26.95523515,26.95523515,2.79E-119,9.86E-112,1.82E-90
,,,3.117431193,26.91480869,26.91480869,1.15E-119,3.79E-112,6.75E-91
,,,3.122385321,26.87428283,26.87428283,4.71E-120,1.46E-112,2.49E-91
,,,3.12733945,26.83365756,26.83365756,1.93E-120,5.59E-113,9.17E-92
,,,3.132293578,26.79293289,26.79293289,7.90E-121,2.14E-113,3.37E-92
,,,3.137247706,26.75210882,26.75210882,3.23E-121,8.17E-114,1.24E-92
,,,3.142201835,26.71118534,26.71118534,1.32E-121,3.12E-114,4.52E-93
,,,3.147155963,26.67016247,26.67016247,5.37E-122,1.19E-114,1.65E-93
,,,3.152110092,26.62904019,26.62904019,2.19E-122,4.51E-115,6.00E-94
,,,3.15706422,26.58781851,26.58781851,8.89E-123,1.71E-115,2.18E-94
,,,3.162018349,26.54649742,26.54649742,3.61E-123,6.48E-116,7.90E-95
,,,3.166972477,26.50507694,26.50507694,1.46E-123,2.45E-116,2.86E-95
,,,3.171926606,26.46355705,26.46355705,5.92E-124,9.24E-117,1.03E-95
,,,3.176880734,26.42193776,26.42193776,2.39E-124,3.48E-117,3.71E-96
,,,3.181834862,26.38021907,26.38021907,9.66E-125,1.31E-117,1.33E-96
,,,3.186788991,26.33840097,26.33840097,3.89E-125,4.92E-118,4.76E-97
,,,3.191743119,26.29648347,26.29648347,1.57E-125,1.84E-118,1.70E-97
,,,3.196697248,26.25446657,26.25446657,6.30E-126,6.89E-119,6.07E-98
,,,3.201651376,26.21235027,26.21235027,2.53E-126,2.57E-119,2.16E-98
,,,3.206605505,26.17013456,26.17013456,1.01E-126,9.60E-120,7.65E-99
,,,3.211559633,26.12781946,26.12781946,4.06E-127,3.57E-120,2.71E-99
,,,3.216513761,26.08540495,26.08540495,1.62E-127,1.33E-120,9.56E-100
,,,3.22146789,26.04289104,26.04289104,6.47E-128,4.92E-121,3.37E-100
,,,3.226422018,26.00027772,26.00027772,2.58E-128,1.82E-121,1.18E-100
,,,3.231376147,25.957565,25.957565,1.03E-128,6.73E-122,4.15E-101
,,,3.236330275,25.91475289,25.91475289,4.08E-129,2.48E-122,1.45E-101
,,,3.241284404,25.87184136,25.87184136,1.62E-129,9.14E-123,5.07E-102
,,,3.246238532,25.82883044,25.82883044,6.42E-130,3.36E-123,1.76E-102
,,,3.251192661,25.78572011,25.78572011,2.54E-130,1.23E-123,6.13E-103
,,,3.256146789,25.74251039,25.74251039,1.00E-130,4.52E-124,2.12E-103
,,,3.261100917,25.69920125,25.69920125,3.96E-131,1.65E-124,7.34E-104
,,,3.266055046,25.65579272,25.65579272,1.56E-131,6.03E-125,2.53E-104
,,,3.271009174,25.61228479,25.61228479,6.14E-132,2.20E-125,8.71E-105
,,,3.275963303,25.56867745,25.56867745,2.41E-132,7.99E-126,2.99E-105
,,,3.280917431,25.52497071,25.52497071,9.47E-133,2.90E-126,1.02E-105
,,,3.28587156,25.48116456,25.48116456,3.71E-133,1.05E-126,3.50E-106
,,,3.290825688,25.43725902,25.43725902,1.45E-133,3.81E-127,1.19E-106
,,,3.295779817,25.39325407,25.39325407,5.67E-134,1.38E-127,4.06E-107
,,,3.300733945,25.34914972,25.34914972,2.21E-134,4.96E-128,1.38E-107
,,,3.305688073,25.30494597,25.30494597,8.63E-135,1.78E-128,4.66E-108
,,,3.310642202,25.26064282,25.26064282,3.36E-135,6.41E-129,1.57E-108
,,,3.31559633,25.21624026,25.21624026,1.30E-135,2.30E-129,5.30E-109
,,,3.320550459,25.1717383,25.1717383,5.06E-136,8.24E-130,1.78E-109
,,,3.325504587,25.12713694,25.12713694,1.96E-136,2.94E-130,5.98E-110
,,,3.330458716,25.08243617,25.08243617,7.59E-137,1.05E-130,2.00E-110
,,,3.335412844,25.03763601,25.03763601,2.93E-137,3.74E-131,6.67E-111
,,,3.340366972,24.99273644,24.99273644,1.13E-137,1.33E-131,2.22E-111
,,,3.345321101,24.94773747,24.94773747,4.36E-138,4.72E-132,7.38E-112
,,,3.350275229,24.90263909,24.90263909,1.68E-138,1.67E-132,2.45E-112
,,,3.355229358,24.85744132,24.85744132,6.44E-139,5.92E-133,8.09E-113
,,,3.360183486,24.81214414,24.81214414,2.47E-139,2.09E-133,2.67E-113
,,,3.365137615,24.76674756,24.76674756,9.46E-140,7.36E-134,8.78E-114
,,,3.370091743,24.72125158,24.72125158,3.62E-140,2.59E-134,2.88E-114
,,,3.375045872,24.67565619,24.67565619,1.38E-140,9.10E-135,9.44E-115
,,,3.38,24.6299614,24.6299614,5.28E-141,3.19E-135,3.09E-115
,,,3.384954128,24.58416721,24.58416721,2.01E-141,1.12E-135,1.01E-115
,,,3.389908257,24.53827362,24.53827362,7.64E-142,3.90E-136,3.27E-116
,,,3.394862385,24.49228063,24.49228063,2.90E-142,1.36E-136,1.06E-116
,,,3.399816514,24.44618823,24.44618823,1.10E-142,4.74E-137,3.44E-117
,,,3.404770642,24.39999643,24.39999643,4.17E-143,1.65E-137,1.11E-117
,,,3.409724771,24.35370523,24.35370523,1.58E-143,5.71E-138,3.58E-118
,,,3.414678899,24.30731462,24.30731462,5.96E-144,1.98E-138,1.15E-118
,,,3.419633028,24.26082462,24.26082462,2.25E-144,6.84E-139,3.69E-119
,,,3.424587156,24.21423521,24.21423521,8.47E-145,2.36E-139,1.18E-119
,,,3.429541284,24.1675464,24.1675464,3.19E-145,8.13E-140,3.77E-120
,,,3.434495413,24.12075818,24.12075818,1.20E-145,2.80E-140,1.20E-120
,,,3.439449541,24.07387057,24.07387057,4.49E-146,9.60E-141,3.81E-121
,,,3.44440367,24.02688355,24.02688355,1.68E-146,3.29E-141,1.21E-121
,,,3.449357798,23.97979713,23.97979713,6.29E-147,1.13E-141,3.82E-122
,,,3.454311927,23.93261131,23.93261131,2.35E-147,3.84E-142,1.21E-122
,,,3.459266055,23.88532608,23.88532608,8.76E-148,1.31E-142,3.79E-123
,,,3.464220183,23.83794145,23.83794145,3.26E-148,4.46E-143,1.19E-123
,,,3.469174312,23.79045742,23.79045742,1.21E-148,1.51E-143,3.73E-124
,,,3.47412844,23.74287399,23.74287399,4.50E-149,5.14E-144,1.17E-124
,,,3.479082569,23.69519116,23.69519116,1.67E-149,1.74E-144,3.64E-125
,,,3.484036697,23.64740892,23.64740892,6.18E-150,5.88E-145,1.13E-125
,,,3.488990826,23.59952728,23.59952728,2.29E-150,1.98E-145,3.51E-126
,,,3.493944954,23.55154624,23.55154624,8.45E-151,6.67E-146,1.09E-126
,,,3.498899083,23.50346579,23.50346579,3.11E-151,2.24E-146,3.36E-127
,,,3.503853211,23.45528595,23.45528595,1.15E-151,7.53E-147,1.04E-127
,,,3.508807339,23.4070067,23.4070067,4.22E-152,2.52E-147,3.18E-128
,,,3.513761468,23.35862805,23.35862805,1.55E-152,8.43E-148,9.76E-129
,,,3.518715596,23.31014999,23.31014999,5.68E-153,2.82E-148,2.99E-129
,,,3.523669725,23.26157254,23.26157254,2.08E-153,9.38E-149,9.12E-130
,,,3.528623853,23.21289568,23.21289568,7.60E-154,3.12E-149,2.78E-130
,,,3.533577982,23.16411942,23.16411942,2.78E-154,1.04E-149,8.44E-131
,,,3.53853211,23.11524375,23.11524375,1.01E-154,3.43E-150,2.56E-131
,,,3.543486239,23.06626869,23.06626869,3.69E-155,1.14E-150,7.74E-132
,,,3.548440367,23.01719422,23.01719422,1.34E-155,3.75E-151,2.34E-132
,,,3.553394495,22.96802035,22.96802035,4.86E-156,1.24E-151,7.03E-133
,,,3.558348624,22.91874708,22.91874708,1.76E-156,4.07E-152,2.11E-133
,,,3.563302752,22.8693744,22.8693744,6.39E-157,1.34E-152,6.32E-134
,,,3.568256881,22.81990232,22.81990232,2.31E-157,4.39E-153,1.89E-134
,,,3.573211009,22.77033084,22.77033084,8.33E-158,1.44E-153,5.64E-135
,,,3.578165138,22.72065996,22.72065996,3.00E-158,4.70E-154,1.68E-135
,,,3.583119266,22.67088968,22.67088968,1.08E-158,1.53E-154,4.98E-136
,,,3.588073394,22.62101999,22.62101999,3.89E-159,4.99E-155,1.47E-136
,,,3.593027523,22.5710509,22.5710509,1.40E-159,1.62E-155,4.36E-137
,,,3.597981651,22.52098241,22.52098241,5.00E-160,5.27E-156,1.28E-137
,,,3.60293578,22.47081452,22.47081452,1.79E-160,1.71E-156,3.77E-138
,,,3.607889908,22.42054722,22.42054722,6.40E-161,5.52E-157,1.11E-138
,,,3.612844037,22.37018052,22.37018052,2.29E-161,1.78E-157,3.24E-139
,,,3.617798165,22.31971442,22.31971442,8.15E-162,5.75E-158,9.46E-140
,,,3.622752294,22.26914892,22.26914892,2.90E-162,1.85E-158,2.76E-140
,,,3.627706422,22.21848401,22.21848401,1.03E-162,5.94E-159,8.01E-141
,,,3.63266055,22.1677197,22.1677197,3.66E-163,1.90E-159,2.32E-141
,,,3.637614679,22.11685599,22.11685599,1.30E-163,6.09E-160,6.72E-142
,,,3.642568807,22.06589288,22.06589288,4.59E-164,1.95E-160,1.94E-142
,,,3.647522936,22.01483036,22.01483036,1.62E-164,6.21E-161,5.58E-143
,,,3.652477064,21.96366845,21.96366845,5.73E-165,1.98E-161,1.60E-143
,,,3.657431193,21.91240713,21.91240713,2.02E-165,6.28E-162,4.59E-144
,,,3.662385321,21.8610464,21.8610464,7.11E-166,1.99E-162,1.31E-144
,,,3.66733945,21.80958628,21.80958628,2.50E-166,6.31E-163,3.75E-145
,,,3.672293578,21.75802675,21.75802675,8.77E-167,2.00E-163,1.07E-145
,,,3.677247706,21.70636782,21.70636782,3.07E-167,6.30E-164,3.03E-146
,,,3.682201835,21.65460949,21.65460949,1.08E-167,1.98E-164,8.57E-147
,,,3.687155963,21.60275176,21.60275176,3.76E-168,6.24E-165,2.42E-147
,,,3.692110092,21.55079462,21.55079462,1.31E-168,1.96E-165,6.83E-148
,,,3.69706422,21.49873808,21.49873808,4.57E-169,6.14E-166,1.92E-148
,,,3.702018349,21.44658214,21.44658214,1.59E-169,1.92E-166,5.39E-149
,,,3.706972477,21.3943268,21.3943268,5.53E-170,6.00E-167,1.51E-149
,,,3.711926606,21.34197205,21.34197205,1.92E-170,1.87E-167,4.21E-150
,,,3.716880734,21.2895179,21.2895179,6.65E-171,5.82E-168,1.17E-150
,,,3.721834862,21.23696435,21.23696435,2.30E-171,1.81E-168,3.26E-151
,,,3.726788991,21.1843114,21.1843114,7.95E-172,5.60E-169,9.04E-152
,,,3.731743119,21.13155904,21.13155904,2.74E-172,1.73E-169,2.50E-152
,,,3.736697248,21.07870728,21.07870728,9.45E-173,5.36E-170,6.90E-153
,,,3.741651376,21.02575612,21.02575612,3.25E-173,1.65E-170,1.90E-153
,,,3.746605505,20.97270556,20.97270556,1.12E-173,5.09E-171,5.22E-154
,,,3.751559633,20.9195556,20.9195556,3.83E-174,1.57E-171,1.43E-154
,,,3.756513761,20.86630623,20.86630623,1.31E-174,4.80E-172,3.91E-155
,,,3.76146789,20.81295746,20.81295746,4.50E-175,1.47E-172,1.07E-155
,,,3.766422018,20.75950929,20.75950929,1.54E-175,4.50E-173,2.90E-156
,,,3.771376147,20.70596171,20.70596171,5.24E-176,1.37E-173,7.88E-157
,,,3.776330275,20.65231474,20.65231474,1.79E-176,4.19E-174,2.14E-157
,,,3.781284404,20.59856836,20.59856836,6.08E-177,1.27E-174,5.77E-158
,,,3.786238532,20.54472258,20.54472258,2.06E-177,3.87E-175,1.56E-158
,,,3.791192661,20.49077739,20.49077739,7.00E-178,1.17E-175,4.18E-159
,,,3.796146789,20.43673281,20.43673281,2.37E-178,3.55E-176,1.12E-159
,,,3.801100917,20.38258882,20.38258882,8.03E-179,1.07E-176,3.01E-160
,,,3.806055046,20.32834543,20.32834543,2.71E-179,3.23E-177,8.03E-161
,,,3.811009174,20.27400263,20.27400263,9.15E-180,9.72E-178,2.14E-161
,,,3.815963303,20.21956044,20.21956044,3.08E-180,2.92E-178,5.69E-162
,,,3.820917431,20.16501884,20.16501884,1.04E-180,8.76E-179,1.51E-162
,,,3.82587156,20.11037784,20.11037784,3.48E-181,2.62E-179,3.99E-163
,,,3.830825688,20.05563744,20.05563744,1.17E-181,7.84E-180,1.05E-163
,,,3.835779817,20.00079763,20.00079763,3.91E-182,2.34E-180,2.77E-164
,,,3.840733945,19.94585842,19.94585842,1.31E-182,6.97E-181,7.29E-165
,,,3.845688073,19.89081981,19.89081981,4.37E-183,2.07E-181,1.91E-165
,,,3.850642202,19.8356818,19.8356818,1.46E-183,6.15E-182,4.99E-166
,,,3.85559633,19.78044439,19.78044439,4.86E-184,1.82E-182,1.30E-166
,,,3.860550459,19.72510757,19.72510757,1.62E-184,5.39E-183,3.39E-167
,,,3.865504587,19.66967135,19.66967135,5.37E-185,1.59E-183,8.80E-168
,,,3.870458716,19.61413573,19.61413573,1.78E-185,4.69E-184,2.28E-168
,,,3.875412844,19.55850071,19.55850071,5.90E-186,1.38E-184,5.90E-169
,,,3.880366972,19.50276628,19.50276628,1.95E-186,4.05E-185,1.52E-169
,,,3.885321101,19.44693245,19.44693245,6.44E-187,1.19E-185,3.91E-170
,,,3.890275229,19.39099922,19.39099922,2.13E-187,3.48E-186,1.00E-170
,,,3.895229358,19.33496659,19.33496659,7.00E-188,1.02E-186,2.57E-171
,,,3.900183486,19.27883455,19.27883455,2.30E-188,2.96E-187,6.56E-172
,,,3.905137615,19.22260311,19.22260311,7.56E-189,8.62E-188,1.67E-172
,,,3.910091743,19.16627227,19.16627227,2.48E-189,2.51E-188,4.25E-173
,,,3.915045872,19.10984203,19.10984203,8.12E-190,7.27E-189,1.08E-173
,,,3.92,19.05331238,19.05331238,2.66E-190,2.11E-189,2.73E-174
,,,3.924954128,18.99668334,18.99668334,8.67E-191,6.09E-190,6.89E-175
,,,3.929908257,18.93995489,18.93995489,2.83E-191,1.76E-190,1.74E-175
,,,3.934862385,18.88312703,18.88312703,9.21E-192,5.06E-191,4.36E-176
,,,3.939816514,18.82619978,18.82619978,3.00E-192,1.46E-191,1.09E-176
,,,3.944770642,18.76917312,18.76917312,9.73E-193,4.18E-192,2.73E-177
,,,3.949724771,18.71204706,18.71204706,3.15E-193,1.20E-192,6.82E-178
,,,3.954678899,18.6548216,18.6548216,1.02E-193,3.42E-193,1.70E-178
,,,3.959633028,18.59749674,18.59749674,3.30E-194,9.78E-194,4.22E-179
,,,3.964587156,18.54007247,18.54007247,1.07E-194,2.79E-194,1.04E-179
,,,3.969541284,18.4825488,18.4825488,3.44E-195,7.93E-195,2.58E-180
,,,3.974495413,18.42492573,18.42492573,1.11E-195,2.25E-195,6.37E-181
,,,3.979449541,18.36720326,18.36720326,3.56E-196,6.39E-196,1.57E-181
,,,3.98440367,18.30938138,18.30938138,1.14E-196,1.81E-196,3.84E-182
,,,3.989357798,18.2514601,18.2514601,3.67E-197,5.11E-197,9.41E-183
,,,3.994311927,18.19343942,18.19343942,1.17E-197,1.44E-197,2.30E-183
,,,3.999266055,18.13531934,18.13531934,3.75E-198,4.06E-198,5.61E-184
,,,4.004220183,18.07709985,18.07709985,1.20E-198,1.14E-198,1.36E-184
,,,4.009174312,18.01878097,18.01878097,3.82E-199,3.20E-199,3.31E-185
,,,4.01412844,17.96036268,17.96036268,1.22E-199,8.97E-200,8.00E-186
,,,4.019082569,17.90184498,17.90184498,3.87E-200,2.51E-200,1.93E-186
,,,4.024036697,17.84322789,17.84322789,1.23E-200,7.00E-201,4.65E-187
,,,4.028990826,17.78451139,17.78451139,3.89E-201,1.95E-201,1.12E-187
,,,4.033944954,17.72569549,17.72569549,1.23E-201,5.43E-202,2.68E-188
,,,4.038899083,17.66678019,17.66678019,3.89E-202,1.51E-202,6.41E-189
,,,4.043853211,17.60776548,17.60776548,1.23E-202,4.18E-203,1.53E-189
,,,4.048807339,17.54865138,17.54865138,3.88E-203,1.16E-203,3.64E-190
,,,4.053761468,17.48943787,17.48943787,1.22E-203,3.19E-204,8.65E-191
,,,4.058715596,17.43012496,17.43012496,3.84E-204,8.80E-205,2.05E-191
,,,4.063669725,17.37071264,17.37071264,1.20E-204,2.42E-205,4.85E-192
,,,4.068623853,17.31120093,17.31120093,3.77E-205,6.66E-206,1.14E-192
,,,4.073577982,17.25158981,17.25158981,1.18E-205,1.83E-206,2.69E-193
,,,4.07853211,17.19187929,17.19187929,3.69E-206,5.00E-207,6.32E-194
,,,4.083486239,17.13206937,17.13206937,1.15E-206,1.37E-207,1.48E-194
,,,4.088440367,17.07216004,17.07216004,3.59E-207,3.73E-208,3.46E-195
,,,4.093394495,17.01215131,17.01215131,1.12E-207,1.02E-208,8.05E-196
,,,4.098348624,16.95204318,16.95204318,3.48E-208,2.76E-209,1.87E-196
,,,4.103302752,16.89183565,16.89183565,1.08E-208,7.49E-210,4.35E-197
,,,4.108256881,16.83152871,16.83152871,3.34E-209,2.03E-210,1.01E-197
,,,4.113211009,16.77112238,16.77112238,1.04E-209,5.49E-211,2.32E-198
,,,4.118165138,16.71061664,16.71061664,3.20E-210,1.48E-211,5.35E-199
,,,4.123119266,16.65001149,16.65001149,9.87E-211,4.00E-212,1.23E-199
,,,4.128073394,16.58930695,16.58930695,3.04E-211,1.08E-212,2.82E-200
,,,4.133027523,16.528503,16.528503,9.37E-212,2.89E-213,6.45E-201
,,,4.137981651,16.46759965,16.46759965,2.88E-212,7.74E-214,1.47E-201
,,,4.14293578,16.4065969,16.4065969,8.83E-213,2.07E-214,3.35E-202
,,,4.147889908,16.34549475,16.34549475,2.71E-213,5.53E-215,7.62E-203
,,,4.152844037,16.28429319,16.28429319,8.28E-214,1.48E-215,1.73E-203
,,,4.157798165,16.22299223,16.22299223,2.53E-214,3.93E-216,3.90E-204
,,,4.162752294,16.16159187,16.16159187,7.73E-215,1.04E-216,8.80E-205
,,,4.167706422,16.10009211,16.10009211,2.35E-215,2.77E-217,1.98E-205
,,,4.17266055,16.03849294,16.03849294,7.16E-216,7.34E-218,4.45E-206
,,,4.177614679,15.97679437,15.97679437,2.18E-216,1.94E-218,9.96E-207
,,,4.182568807,15.9149964,15.9149964,6.61E-217,5.12E-219,2.23E-207
,,,4.187522936,15.85309903,15.85309903,2.00E-217,1.35E-219,4.96E-208
,,,4.192477064,15.79110226,15.79110226,6.06E-218,3.55E-220,1.10E-208
,,,4.197431193,15.72900608,15.72900608,1.83E-218,9.31E-221,2.45E-209
,,,4.202385321,15.6668105,15.6668105,5.52E-219,2.44E-221,5.42E-210
,,,4.20733945,15.60451552,15.60451552,1.66E-219,6.38E-222,1.20E-210
,,,4.212293578,15.54212113,15.54212113,5.01E-220,1.67E-222,2.64E-211
,,,4.217247706,15.47962734,15.47962734,1.50E-220,4.34E-223,5.80E-212
,,,4.222201835,15.41703415,15.41703415,4.51E-221,1.13E-223,1.27E-212
,,,4.227155963,15.35434156,15.35434156,1.35E-221,2.94E-224,2.78E-213
,,,4.232110092,15.29154957,15.29154957,4.05E-222,7.62E-225,6.07E-214
,,,4.23706422,15.22865817,15.22865817,1.21E-222,1.97E-225,1.32E-214
,,,4.242018349,15.16566737,15.16566737,3.61E-223,5.09E-226,2.87E-215
,,,4.246972477,15.10257717,15.10257717,1.07E-223,1.31E-226,6.23E-216
,,,4.251926606,15.03938757,15.03938757,3.20E-224,3.38E-227,1.35E-216
,,,4.256880734,14.97609856,14.97609856,9.50E-225,8.70E-228,2.90E-217
,,,4.261834862,14.91271015,14.91271015,2.82E-225,2.23E-228,6.25E-218
,,,4.266788991,14.84922234,14.84922234,8.35E-226,5.72E-229,1.34E-218
,,,4.271743119,14.78563513,14.78563513,2.47E-226,1.46E-229,2.88E-219
,,,4.276697248,14.72194852,14.72194852,7.29E-227,3.73E-230,6.15E-220
,,,4.281651376,14.6581625,14.6581625,2.15E-227,9.51E-231,1.31E-220
,,,4.286605505,14.59427708,14.59427708,6.34E-228,2.42E-231,2.79E-221
,,,4.291559633,14.53029225,14.53029225,1.86E-228,6.14E-232,5.92E-222
,,,4.296513761,14.46620803,14.46620803,5.48E-229,1.56E-232,1.25E-222
,,,4.30146789,14.4020244,14.4020244,1.61E-229,3.94E-233,2.65E-223
,,,4.306422018,14.33774137,14.33774137,4.71E-230,9.95E-234,5.57E-224
,,,4.311376147,14.27335894,14.27335894,1.38E-230,2.51E-234,1.17E-224
,,,4.316330275,14.20887711,14.20887711,4.02E-231,6.31E-235,2.46E-225
,,,4.321284404,14.14429587,14.14429587,1.17E-231,1.59E-235,5.14E-226
,,,4.326238532,14.07961523,14.07961523,3.42E-232,3.98E-236,1.07E-226
,,,4.331192661,14.01483519,14.01483519,9.94E-233,9.96E-237,2.24E-227
,,,4.336146789,13.94995575,13.94995575,2.89E-233,2.49E-237,4.65E-228
,,,4.341100917,13.8849769,13.8849769,8.37E-234,6.21E-238,9.63E-229
,,,4.346055046,13.81989865,13.81989865,2.42E-234,1.55E-238,1.99E-229
,,,4.351009174,13.754721,13.754721,7.01E-235,3.85E-239,4.11E-230
,,,4.355963303,13.68944395,13.68944395,2.02E-235,9.55E-240,8.46E-231
,,,4.360917431,13.62406749,13.62406749,5.84E-236,2.37E-240,1.74E-231
,,,4.36587156,13.55859163,13.55859163,1.68E-236,5.85E-241,3.56E-232
,,,4.370825688,13.49301637,13.49301637,4.84E-237,1.44E-241,7.27E-233
,,,4.375779817,13.42734171,13.42734171,1.39E-237,3.56E-242,1.48E-233
,,,4.380733945,13.36156765,13.36156765,3.98E-238,8.76E-243,3.02E-234
,,,4.385688073,13.29569418,13.29569418,1.14E-238,2.15E-243,6.13E-235
,,,4.390642202,13.22972131,13.22972131,3.26E-239,5.27E-244,1.24E-235
,,,4.39559633,13.16364904,13.16364904,9.31E-240,1.29E-244,2.51E-236
,,,4.400550459,13.09747736,13.09747736,2.66E-240,3.15E-245,5.05E-237
,,,4.405504587,13.03120628,13.03120628,7.56E-241,7.69E-246,1.02E-237
,,,4.410458716,12.96483581,12.96483581,2.15E-241,1.87E-246,2.04E-238
,,,4.415412844,12.89836592,12.89836592,6.11E-242,4.55E-247,4.08E-239
,,,4.420366972,12.83179664,12.83179664,1.73E-242,1.10E-247,8.14E-240
,,,4.425321101,12.76512795,12.76512795,4.90E-243,2.67E-248,1.62E-240
,,,4.430275229,12.69835986,12.69835986,1.39E-243,6.46E-249,3.22E-241
,,,4.435229358,12.63149237,12.63149237,3.91E-244,1.56E-249,6.39E-242
,,,4.440183486,12.56452548,12.56452548,1.10E-244,3.76E-250,1.26E-242
,,,4.445137615,12.49745918,12.49745918,3.11E-245,9.03E-251,2.49E-243
,,,4.450091743,12.43029349,12.43029349,8.74E-246,2.17E-251,4.91E-244
,,,4.455045872,12.36302839,12.36302839,2.45E-246,5.20E-252,9.64E-245
,,,4.46,12.29566388,12.29566388,6.88E-247,1.24E-252,1.89E-245
,,,4.464954128,12.22819998,12.22819998,1.93E-247,2.97E-253,3.69E-246
,,,4.469908257,12.16063667,12.16063667,5.38E-248,7.08E-254,7.20E-247
,,,4.474862385,12.09297396,12.09297396,1.50E-248,1.68E-254,1.40E-247
,,,4.479816514,12.02521185,12.02521185,4.19E-249,4.00E-255,2.72E-248
,,,4.484770642,11.95735033,11.95735033,1.17E-249,9.49E-256,5.27E-249
,,,4.489724771,11.88938942,11.88938942,3.24E-250,2.25E-256,1.02E-249
,,,4.494678899,11.8213291,11.8213291,9.00E-251,5.31E-257,1.96E-250
,,,4.499633028,11.75316938,11.75316938,2.50E-251,1.25E-257,3.77E-251
,,,4.504587156,11.68491025,11.68491025,6.91E-252,2.95E-258,7.24E-252
,,,4.509541284,11.61655172,11.61655172,1.91E-252,6.93E-259,1.38E-252
,,,4.514495413,11.5480938,11.5480938,5.27E-253,1.63E-259,2.64E-253
,,,4.519449541,11.47953646,11.47953646,1.45E-253,3.81E-260,5.04E-254
,,,4.52440367,11.41087973,11.41087973,4.00E-254,8.90E-261,9.57E-255
,,,4.529357798,11.34212359,11.34212359,1.10E-254,2.08E-261,1.82E-255
,,,4.534311927,11.27326806,11.27326806,3.02E-255,4.84E-262,3.43E-256
,,,4.539266055,11.20431312,11.20431312,8.27E-256,1.13E-262,6.48E-257
,,,4.544220183,11.13525877,11.13525877,2.26E-256,2.62E-263,1.22E-257
,,,4.549174312,11.06610503,11.06610503,6.19E-257,6.06E-264,2.29E-258
,,,4.55412844,10.99685188,10.99685188,1.69E-257,1.40E-264,4.30E-259
,,,4.559082569,10.92749933,10.92749933,4.60E-258,3.24E-265,8.03E-260
,,,4.564036697,10.85804738,10.85804738,1.25E-258,7.47E-266,1.50E-260
,,,4.568990826,10.78849602,10.78849602,3.41E-259,1.72E-266,2.79E-261
,,,4.573944954,10.71884526,10.71884526,9.24E-260,3.95E-267,5.18E-262
,,,4.578899083,10.64909511,10.64909511,2.51E-260,9.06E-268,9.59E-263
,,,4.583853211,10.57924554,10.57924554,6.78E-261,2.07E-268,1.77E-263
,,,4.588807339,10.50929658,10.50929658,1.83E-261,4.74E-269,3.27E-264
,,,4.593761468,10.43924821,10.43924821,4.95E-262,1.08E-269,6.01E-265
,,,4.598715596,10.36910044,10.36910044,1.33E-262,2.46E-270,1.10E-265
,,,4.603669725,10.29885327,10.29885327,3.59E-263,5.60E-271,2.02E-266
,,,4.608623853,10.2285067,10.2285067,9.64E-264,1.27E-271,3.68E-267
,,,4.613577982,10.15806072,10.15806072,2.59E-264,2.88E-272,6.71E-268
,,,4.61853211,10.08751534,10.08751534,6.93E-265,6.51E-273,1.22E-268
,,,4.623486239,10.01687056,10.01687056,1.85E-265,1.47E-273,2.21E-269
,,,4.628440367,9.946126379,9.946126379,4.96E-266,3.31E-274,4.00E-270
,,,4.633394495,9.875282794,9.875282794,1.32E-266,7.46E-275,7.22E-271
,,,4.638348624,9.804339806,9.804339806,3.52E-267,1.67E-275,1.30E-271
,,,4.643302752,9.733297415,9.733297415,9.38E-268,3.75E-276,2.34E-272
,,,4.648256881,9.662155623,9.662155623,2.49E-268,8.40E-277,4.19E-273
,,,4.653211009,9.590914428,9.590914428,6.61E-269,1.88E-277,7.49E-274
,,,4.658165138,9.51957383,9.51957383,1.75E-269,4.19E-278,1.34E-274
,,,4.663119266,9.448133831,9.448133831,4.64E-270,9.32E-279,2.38E-275
,,,4.668073394,9.376594428,9.376594428,1.22E-270,2.07E-279,4.22E-276
,,,4.673027523,9.304955624,9.304955624,3.23E-271,4.59E-280,7.48E-277
,,,4.677981651,9.233217417,9.233217417,8.51E-272,1.02E-280,1.32E-277
,,,4.68293578,9.161379808,9.161379808,2.24E-272,2.25E-281,2.33E-278
,,,4.687889908,9.089442796,9.089442796,5.89E-273,4.96E-282,4.10E-279
,,,4.692844037,9.017406382,9.017406382,1.54E-273,1.09E-282,7.19E-280
,,,4.697798165,8.945270566,8.945270566,4.05E-274,2.40E-283,1.26E-280
,,,4.702752294,8.873035347,8.873035347,1.06E-274,5.28E-284,2.20E-281
,,,4.707706422,8.800700726,8.800700726,2.76E-275,1.16E-284,3.83E-282
,,,4.71266055,8.728266703,8.728266703,7.21E-276,2.53E-285,6.66E-283
,,,4.717614679,8.655733277,8.655733277,1.88E-276,5.53E-286,1.16E-283
,,,4.722568807,8.583100449,8.583100449,4.89E-277,1.20E-286,2.00E-284
,,,4.727522936,8.510368218,8.510368218,1.27E-277,2.62E-287,3.45E-285
,,,4.732477064,8.437536586,8.437536586,3.29E-278,5.69E-288,5.95E-286
,,,4.737431193,8.36460555,8.36460555,8.53E-279,1.23E-288,1.02E-286
,,,4.742385321,8.291575113,8.291575113,2.21E-279,2.67E-289,1.75E-287
,,,4.74733945,8.218445273,8.218445273,5.70E-280,5.78E-290,2.99E-288
,,,4.752293578,8.14521603,8.14521603,1.47E-280,1.25E-290,5.11E-289
,,,4.757247706,8.071887386,8.071887386,3.79E-281,2.68E-291,8.70E-290
,,,4.762201835,7.998459339,7.998459339,9.75E-282,5.77E-292,1.48E-290
,,,4.767155963,7.924931889,7.924931889,2.50E-282,1.24E-292,2.50E-291
,,,4.772110092,7.851305038,7.851305038,6.42E-283,2.65E-293,4.23E-292
,,,4.77706422,7.777578783,7.777578783,1.64E-283,5.67E-294,7.13E-293
,,,4.782018349,7.703753127,7.703753127,4.21E-284,1.21E-294,1.20E-293
,,,4.786972477,7.629828068,7.629828068,1.07E-284,2.58E-295,2.01E-294
,,,4.791926606,7.555803607,7.555803607,2.74E-285,5.48E-296,3.37E-295
,,,4.796880734,7.481679743,7.481679743,6.98E-286,1.16E-296,5.63E-296
,,,4.801834862,7.407456477,7.407456477,1.77E-286,2.47E-297,9.39E-297
,,,4.806788991,7.333133809,7.333133809,4.51E-287,5.22E-298,1.56E-297
,,,4.811743119,7.258711738,7.258711738,1.14E-287,1.10E-298,2.59E-298
,,,4.816697248,7.184190265,7.184190265,2.90E-288,2.32E-299,4.28E-299
,,,4.821651376,7.10956939,7.10956939,7.32E-289,4.89E-300,7.07E-300
,,,4.826605505,7.034849112,7.034849112,1.85E-289,1.03E-300,1.16E-300
,,,4.831559633,6.960029432,6.960029432,4.66E-290,2.16E-301,1.91E-301
,,,4.836513761,6.885110349,6.885110349,1.17E-290,4.51E-302,3.14E-302
,,,4.84146789,6.810091865,6.810091865,2.95E-291,9.43E-303,5.13E-303
,,,4.846422018,6.734973977,6.734973977,7.42E-292,1.97E-303,8.38E-304
,,,4.851376147,6.659756688,6.659756688,1.86E-292,4.10E-304,1.36E-304
,,,4.856330275,6.584439996,6.584439996,4.66E-293,8.52E-305,2.21E-305
,,,4.861284404,6.509023902,6.509023902,1.16E-293,1.77E-305,3.59E-306
,,,4.866238532,6.433508405,6.433508405,2.91E-294,3.67E-306,5.80E-307
,,,4.871192661,6.357893506,6.357893506,7.25E-295,7.58E-307,9.35E-308
,,,4.876146789,6.282179204,6.282179204,1.81E-295,1.56E-307,0.00E+00
,,,4.881100917,6.206365501,6.206365501,4.49E-296,3.23E-308,0.00E+00
,,,4.886055046,6.130452395,6.130452395,1.11E-296,0.00E+00,3.86890385980503e-310
,,,4.891009174,6.054439886,6.054439886,2.76E-297,0.00E+00,6.181167204215e-311
,,,4.895963303,5.978327975,5.978327975,6.84E-298,2.7935768137584e-310,9.852219423325e-312
,,,4.900917431,5.902116662,5.902116662,1.69E-298,5.7170971610636e-311,1.566674193787e-312
,,,4.90587156,5.825805946,5.825805946,4.18E-299,1.1679626571517e-311,2.485446013e-313
,,,4.910825688,5.749395828,5.749395828,1.03E-299,2.38188489748e-312,3.9337885235e-314
,,,4.915779817,5.672886308,5.672886308,2.54E-300,4.84898692224e-313,6.211531766e-315
,,,4.920733945,5.596277385,5.596277385,6.23E-301,9.8541616944e-314,9.7851493e-316
,,,4.925688073,5.51956906,5.51956906,1.53E-301,1.999064399e-314,1.5378617e-316
,,,4.930642202,5.442761333,5.442761333,3.75E-302,4.04829644e-315,2.4112795e-317
,,,4.93559633,5.365854203,5.365854203,9.18E-303,8.18382376e-316,3.77182e-318
,,,4.940550459,5.288847671,5.288847671,2.25E-303,1.65150113e-316,5.8865e-319
,,,4.945504587,5.211741737,5.211741737,5.48E-304,3.326893e-317,9.16e-320
,,,4.950458716,5.1345364,5.1345364,1.34E-304,6.69015e-318,1.4185e-320
,,,4.955412844,5.057231661,5.057231661,3.25E-305,1.343043e-318,2.22e-321
,,,4.960366972,4.979827519,4.979827519,7.91E-306,2.69167e-319,3.06e-322
,,,4.965321101,4.902323975,4.902323975,1.92E-306,5.378e-320,0
,,,4.970275229,4.824721029,4.824721029,4.65E-307,1.0815e-320,0
,,,4.975229358,4.74701868,4.74701868,1.13E-307,2.283e-321,0
,,,4.980183486,4.669216929,4.669216929,2.72E-308,2.8e-322,0
,,,4.985137615,4.591315776,4.591315776,0.00E+00,0,0
,,,4.990091743,4.51331522,4.51331522,0.00E+00,0,0
,,,4.995045872,4.435215262,4.435215262,3.8121815268684e-310,0,0
