Parameter,Value,Error,,x_data,y_data,yerr_data,x_fit,y_fit,y_bg
Chi-squared,2.348350395255902,,,-0.4,40.07746039,6.33067614,-0.4,48.126236789457074,48.126236789457074
bg_a,53.49179172053537,4.558781588447073,,-0.35,64.33126395,8.020677275,-0.39504587155963306,48.22857417362542,48.22857417362542
bg_b,6.079950990871569,8.38797360521101,,-0.3,74.91759645,8.655495159,-0.3900917431192661,48.33001155954622,48.33001155954622
bg_c,-18.33484084206039,6.3509923111898505,,-0.25,110.6322169,10.51818506,-0.3851376146788991,48.43054894721947,48.43054894721947
bg_d,6.431500474151744,1.8550919144486882,,-0.2,189.2249305,13.75590529,-0.38018348623853215,48.53018633664518,48.53018633664518
bg_e,-0.683734455214696,0.17807575007696702,,-0.15,292.973813,17.11647782,-0.3752293577981652,48.62892372782334,48.62892372782334
ratio_1,1.0,0,,-0.1,415.6797794,20.38822649,-0.3702752293577982,48.72676112075396,48.72676112075396
center_1,0.004017746649516781,0.0046057501180230675,,-0.05,508.0503184,22.53997157,-0.36532110091743125,48.82369851543702,48.82369851543702
area_1,156.09818625542337,5.9210040020712995,,0.0,536.0049915,23.1517816,-0.3603669724770643,48.91973591187255,48.91973591187255
G_FWHM_1,0.30622926602774964,0.010870789979165895,,0.05,497.5950362,22.30683833,-0.3554128440366973,49.01487331006053,49.01487331006053
L_FWHM_1,0.2,0,,0.1,410.9839784,20.27273978,-0.35045871559633035,49.10911071000096,49.10911071000096
,,,,0.15,302.002894,17.37823046,-0.3455045871559634,49.20244811169385,49.20244811169385
,,,,0.2,191.9551359,13.85478747,-0.3405504587155964,49.29488551513919,49.29488551513919
,,,,0.25,131.1429766,11.4517674,-0.33559633027522945,49.38642292033699,49.38642292033699
,,,,0.3,102.2722274,10.11297322,-0.3306422018348625,49.47706032728724,49.47706032728724
,,,,0.35,106.6400242,10.32666569,-0.3256880733944955,49.56679773598995,49.56679773598995
,,,,0.4,93.07805887,9.647697076,-0.32073394495412855,49.65563514644511,49.65563514644511
,,,,0.45,92.70156875,9.628165388,-0.3157798165137616,49.743572558652716,49.743572558652716
,,,,0.5,80.14824565,8.952555258,-0.3108256880733946,49.830609972612784,49.830609972612784
,,,,0.55,59.39111981,7.706563424,-0.30587155963302765,49.916747388325305,49.916747388325305
,,,,0.6,51.9918356,7.210536429,-0.3009174311926607,50.001984805790286,50.001984805790286
,,,,0.65,48.04378479,6.931362405,-0.2959633027522937,50.08632222500772,50.08632222500772
,,,,0.7,42.81917234,6.543636018,-0.29100917431192674,50.16975964597761,50.16975964597761
,,,,0.75,34.88926003,5.906713133,-0.2860550458715598,50.252297068699946,50.252297068699946
,,,,0.8,45.03124148,6.710532131,-0.2811009174311928,50.33393449317474,50.33393449317474
,,,,0.85,48.01826351,6.92952116,-0.27614678899082584,50.41467191940199,50.41467191940199
,,,,0.9,48.72699857,6.980472661,-0.2711926605504589,50.494509347381694,50.494509347381694
,,,,0.95,60.09604257,7.752163735,-0.2662385321100919,50.57344677711385,50.57344677711385
,,,,1.0,62.02000004,7.875277775,-0.26128440366972494,50.651484208598454,50.651484208598454
,,,,1.05,70.60004141,8.402383079,-0.256330275229358,50.728621641835524,50.728621641835524
,,,,1.1,56.73497325,7.53226216,-0.251376146788991,50.804859076825046,50.804859076825046
,,,,1.15,59.52985171,7.715559066,-0.24642201834862404,50.88019651356702,50.88019651356702
,,,,1.2,35.04224783,5.919649299,-0.24146788990825707,50.95463395206145,50.95463395206145
,,,,1.25,33.36410801,5.776167243,-0.2365137614678901,51.02817139230834,51.02817139230834
,,,,1.3,27.53874779,5.247737397,-0.23155963302752314,51.10080883430768,51.10080883430768
,,,,1.35,42.04117884,6.483916936,-0.22660550458715617,51.17254627805947,51.17254627805947
,,,,1.4,28.28365562,5.318238019,-0.2216513761467892,51.24338372356372,51.24338372356372
,,,,1.45,29.86017874,5.464446791,-0.21669724770642224,51.313321170820416,51.313321170820416
,,,,1.5,36.56133736,6.046597172,-0.21174311926605527,51.38235861982957,51.38235861982957
,,,,1.55,25.30142097,5.030051786,-0.2067889908256883,51.45049607059118,51.45049607059118
,,,,1.6,32.05179848,5.66143078,-0.20183486238532133,51.51773352310524,51.51773352310524
,,,,1.65,27.80454142,5.273001178,-0.19688073394495437,51.58407097737176,51.58407097737176
,,,,1.7,37.55781202,6.128442871,-0.1919266055045874,51.649508433390736,51.649508433390736
,,,,1.75,41.31125136,6.427382932,-0.18697247706422043,51.714045891162165,51.714045891162165
,,,,1.8,32.06480013,5.662578929,-0.18201834862385347,51.77768335068605,51.77768335068605
,,,,1.85,31.81845001,5.640784521,-0.1770642201834865,51.84042081196238,51.84042081196238
,,,,1.9,32.5722,5.707205971,-0.17211009174311953,51.902258274991176,51.902258274991176
,,,,1.95,34.32605,5.858843743,-0.16715596330275256,51.963195739772424,51.963195739772424
,,,,2.0,32.08,5.663920903,-0.1622018348623856,52.023233206306124,52.023233206306124
,,,,2.05,33.83405,5.816704393,-0.15724770642201863,52.08237067459227,52.08237067459227
,,,,2.1,34.5882,5.881173352,-0.15229357798165166,52.140608144630875,52.140608144630875
,,,,2.15,39.34245,6.272356017,-0.1473394495412847,52.19794561642194,52.19794561642194
,,,,2.2,30.0968,5.486055049,-0.14238532110091773,52.25438308996546,52.25438308996546
,,,,2.25,38.85125,6.233077089,-0.13743119266055076,52.30992056526143,52.30992056526143
,,,,2.3,37.6058,6.132356806,-0.1324770642201838,52.36455804230986,52.36455804230986
,,,,2.35,31.36045,5.600040178,-0.12752293577981683,52.418295521110736,52.418295521110736
,,,,2.4,28.1152,5.302376826,-0.12256880733944986,52.47113300166407,52.47113300166407
,,,,2.45,32.87005,5.733240794,-0.11761467889908289,52.52307048396986,52.52307048396986
,,,,2.5,29.625,5.442885264,-0.11266055045871592,52.57410796802811,52.57410796802811
,,,,2.55,31.38005,5.601789893,-0.10770642201834896,52.624245453838796,52.624245453838796
,,,,2.6,30.1352,5.489553716,-0.10275229357798199,52.67348294140195,52.67348294140195
,,,,2.65,36.89045,6.0737509,-0.09779816513761502,52.72182043071756,52.72182043071756
,,,,2.7,30.6458,5.535864883,-0.09284403669724806,52.769257921785616,52.769257921785616
,,,,2.75,25.40125,5.039965278,-0.08788990825688109,52.815795414606136,52.815795414606136
,,,,2.8,31.1568,5.581827658,-0.08293577981651412,52.8614329091791,52.8614329091791
,,,,2.85,26.91245,5.18772108,-0.07798165137614715,52.906170405504525,52.906170405504525
,,,,2.9,34.6682,5.887970788,-0.07302752293578019,52.95000790358241,52.95000790358241
,,,,2.95,18.42405,4.292324545,-0.06807339449541322,52.99294540341274,52.99294540341274
,,,,3.0,29.18,5.401851534,-0.06311926605504625,53.03498290499553,53.03498290499553
,,,,3.05,18.93605,4.351557193,-0.058165137614679285,53.076120408330766,53.076120408330766
,,,,3.1,27.6922,5.262337883,-0.05321100917431232,53.11635791341846,53.11635791341846
,,,,3.15,30.44845,5.518011417,-0.04825688073394535,53.15569542025861,53.15569542025861
,,,,3.2,34.2048,5.848486984,-0.043302752293578384,53.19413292885121,53.19413292885121
,,,,3.25,30.96125,5.564283422,-0.03834862385321142,53.23167043919627,53.23167043919627
,,,,3.3,28.7178,5.358899141,-0.03339449541284445,53.268307951293785,53.268307951293785
,,,,3.35,28.47445,5.336145613,-0.028440366972477482,53.30404546514376,53.30404546514376
,,,,3.4,27.2312,5.21835223,-0.023486238532110515,53.33888298074618,53.33888298074618
,,,,3.45,25.98805,5.097847585,-0.018532110091743548,53.372820498101056,53.372820498101056
,,,,3.5,30.745,5.5448174,-0.01357798165137658,53.40585801720839,53.40585801720839
,,,,3.55,16.50205,4.062271532,-0.008623853211009613,53.43799553806817,53.43799553806817
,,,,3.6,20.2592,4.501022106,-0.003669724770642646,53.46923306068041,53.46923306068041
,,,,3.65,16.01645,4.002055722,0.001284403669724321,53.4995705850451,53.4995705850451
,,,,3.7,26.7738,5.174340538,0.006238532110091288,53.52900811116225,53.52900811116225
,,,,3.75,31.53125,5.615269361,0.011192660550458255,53.55754563903185,53.55754563903185
,,,,3.8,15.2888,3.910089513,0.016146788990825223,53.585183168653906,53.585183168653906
,,,,3.85,14.04645,3.747859389,0.02110091743119219,53.61192070002842,53.61192070002842
,,,,3.9,18.8042,4.33638098,0.026055045871559157,53.63775823315539,53.63775823315539
,,,,3.95,27.56205,5.249957143,0.031009174311926124,53.66269576803481,53.66269576803481
,,,,4.0,19.32,4.395452195,0.03596330275229309,53.68673330466668,53.68673330466668
,,,,4.05,20.07805,4.480853713,0.04091743119266006,53.709870843051014,53.709870843051014
,,,,4.1,18.8362,4.340069124,0.045871559633027026,53.73210838318779,53.73210838318779
,,,,4.15,20.59445,4.53811084,0.05082568807339399,53.75344592507703,53.75344592507703
,,,,4.2,10.3528,3.217576728,0.05577981651376096,53.77388346871872,53.77388346871872
,,,,4.25,17.11125,4.13657467,0.06073394495412793,53.793421014112866,53.793421014112866
,,,,4.3,11.8698,3.44525761,0.0656880733944949,53.81205856125947,53.81205856125947
,,,,4.35,24.62845,4.962705915,0.07064220183486186,53.829796110158526,53.829796110158526
,,,,4.4,13.3872,3.658852279,0.07559633027522883,53.846633660810035,53.846633660810035
,,,,4.45,17.14605,4.140778912,0.0805504587155958,53.862571213214,53.862571213214
,,,,4.5,20.905,4.572198596,0.08550458715596276,53.87760876737042,53.87760876737042
,,,,4.55,9.66405,3.108705518,0.09045871559632973,53.89174632327929,53.89174632327929
,,,,4.6,26.4232,5.140350183,0.0954128440366967,53.90498388094062,53.90498388094062
,,,,4.65,14.18245,3.765959373,0.10036697247706361,53.9173214403544,53.9173214403544
,,,,4.7,11.9418,3.455690958,0.10532110091743063,53.928759001520625,53.928759001520625
,,,,4.75,18.70125,4.32449419,0.11027522935779766,53.93929656443932,53.93929656443932
,,,,4.8,19.4608,4.411439674,0.11522935779816457,53.94893412911046,53.94893412911046
,,,,4.85,20.22045,4.496715468,0.12018348623853148,53.95767169553406,53.95767169553406
,,,,4.9,11.9802,3.461242551,0.1251376146788985,53.96550926371012,53.96550926371012
,,,,4.95,15.74005,3.967373186,0.13009174311926552,53.97244683363863,53.97244683363863
,,,,5.0,0.0,1.0,0.13504587155963244,53.978484405319584,53.978484405319584
,,,,,,,0.13999999999999935,53.98362197875301,53.98362197875301
,,,,,,,0.14495412844036637,53.987859553938875,53.987859553938875
,,,,,,,0.1499082568807334,53.991197130877204,53.991197130877204
,,,,,,,0.1548623853211003,53.99363470956798,53.99363470956798
,,,,,,,0.15981651376146722,53.99517229001121,53.99517229001121
,,,,,,,0.16477064220183424,53.9958098722069,53.9958098722069
,,,,,,,0.16972477064220126,53.99554745615504,53.99554745615504
,,,,,,,0.17467889908256817,53.99438504185564,53.99438504185564
,,,,,,,0.17963302752293508,53.99232262930869,53.99232262930869
,,,,,,,0.1845871559633021,53.98936021851419,53.98936021851419
,,,,,,,0.18954128440366913,53.98549780947216,53.98549780947216
,,,,,,,0.19449541284403604,53.980735402182574,53.980735402182574
,,,,,,,0.19944954128440295,53.97507299664544,53.97507299664544
,,,,,,,0.20440366972476998,53.96851059286077,53.96851059286077
,,,,,,,0.209357798165137,53.96104819082854,53.96104819082854
,,,,,,,0.2143119266055039,53.95268579054877,53.95268579054877
,,,,,,,0.21926605504587082,53.94342339202146,53.94342339202146
,,,,,,,0.22422018348623785,53.9332609952466,53.9332609952466
,,,,,,,0.22917431192660487,53.92219860022419,53.92219860022419
,,,,,,,0.23412844036697178,53.91023620695424,53.91023620695424
,,,,,,,0.2390825688073387,53.897373815436744,53.897373815436744
,,,,,,,0.24403669724770571,53.8836114256717,53.8836114256717
,,,,,,,0.24899082568807274,53.868949037659114,53.868949037659114
,,,,,,,0.25394495412843965,53.853386651398985,53.853386651398985
,,,,,,,0.25889908256880656,53.83692426689131,53.83692426689131
,,,,,,,0.2638532110091736,53.81956188413608,53.81956188413608
,,,,,,,0.2688073394495406,53.80129950313331,53.80129950313331
,,,,,,,0.2737614678899075,53.78213712388299,53.78213712388299
,,,,,,,0.27871559633027443,53.76207474638513,53.76207474638513
,,,,,,,0.28366972477064145,53.741112370639726,53.741112370639726
,,,,,,,0.2886238532110085,53.719249996646774,53.719249996646774
,,,,,,,0.2935779816513754,53.696487624406274,53.696487624406274
,,,,,,,0.2985321100917423,53.672825253918234,53.672825253918234
,,,,,,,0.3034862385321093,53.64826288518264,53.64826288518264
,,,,,,,0.30844036697247634,53.622800518199504,53.622800518199504
,,,,,,,0.31339449541284325,53.59643815296883,53.59643815296883
,,,,,,,0.31834862385321017,53.56917578949059,53.56917578949059
,,,,,,,0.3233027522935772,53.541013427764824,53.541013427764824
,,,,,,,0.3282568807339442,53.51195106779151,53.51195106779151
,,,,,,,0.3332110091743111,53.48198870957064,53.48198870957064
,,,,,,,0.33816513761467804,53.45112635310224,53.45112635310224
,,,,,,,0.34311926605504506,53.41936399838628,53.41936399838628
,,,,,,,0.3480733944954121,53.38670164542278,53.38670164542278
,,,,,,,0.353027522935779,53.353139294211736,53.353139294211736
,,,,,,,0.3579816513761459,53.31867694475315,53.31867694475315
,,,,,,,0.3629357798165129,53.28331459704701,53.28331459704701
,,,,,,,0.36788990825687995,53.24705225109333,53.24705225109333
,,,,,,,0.37284403669724686,53.209889906892094,53.209889906892094
,,,,,,,0.3777981651376138,53.17182756444332,53.17182756444332
,,,,,,,0.3827522935779808,53.132865223747004,53.132865223747004
,,,,,,,0.3877064220183478,53.093002884803134,53.093002884803134
,,,,,,,0.39266055045871473,53.052240547611724,53.052240547611724
,,,,,,,0.39761467889908164,53.010578212172774,53.010578212172774
,,,,,,,0.40256880733944866,52.96801587848627,52.96801587848627
,,,,,,,0.4075229357798157,52.92455354655222,52.92455354655222
,,,,,,,0.4124770642201826,52.880191216370626,52.880191216370626
,,,,,,,0.4174311926605495,52.83492888794149,52.83492888794149
,,,,,,,0.42238532110091653,52.7887665612648,52.7887665612648
,,,,,,,0.42733944954128356,52.74170423634057,52.74170423634057
,,,,,,,0.43229357798165047,52.69374191316879,52.69374191316879
,,,,,,,0.4372477064220174,52.64487959174947,52.64487959174947
,,,,,,,0.4422018348623844,52.59511727208261,52.59511727208261
,,,,,,,0.4471559633027514,52.544454954168195,52.544454954168195
,,,,,,,0.45211009174311834,52.49289263800624,52.49289263800624
,,,,,,,0.45706422018348525,52.440430323596736,52.440430323596736
,,,,,,,0.46201834862385227,52.387068010939686,52.387068010939686
,,,,,,,0.4669724770642193,52.33280570003509,52.33280570003509
,,,,,,,0.4719266055045862,52.27764339088295,52.27764339088295
,,,,,,,0.4768807339449531,52.22158108348326,52.22158108348326
,,,,,,,0.48183486238532014,52.164618777836026,52.164618777836026
,,,,,,,0.48678899082568716,52.106756473941246,52.106756473941246
,,,,,,,0.4917431192660541,52.047994171798926,52.047994171798926
,,,,,,,0.496697247706421,51.98833187140906,51.98833187140906
,,,,,,,0.501651376146788,51.927769572771645,51.927769572771645
,,,,,,,0.506605504587155,51.86630727588668,51.86630727588668
,,,,,,,0.5115596330275219,51.80394498075418,51.80394498075418
,,,,,,,0.5165137614678889,51.74068268737413,51.74068268737413
,,,,,,,0.5214678899082559,51.676520395746536,51.676520395746536
,,,,,,,0.5264220183486229,51.61145810587139,51.61145810587139
,,,,,,,0.5313761467889898,51.545495817748694,51.545495817748694
,,,,,,,0.5363302752293567,51.47863353137846,51.47863353137846
,,,,,,,0.5412844036697237,51.410871246760685,51.410871246760685
,,,,,,,0.5462385321100908,51.34220896389536,51.34220896389536
,,,,,,,0.5511926605504577,51.27264668278249,51.27264668278249
,,,,,,,0.5561467889908246,51.20218440342207,51.20218440342207
,,,,,,,0.5611009174311916,51.13082212581411,51.13082212581411
,,,,,,,0.5660550458715586,51.058559849958606,51.058559849958606
,,,,,,,0.5710091743119255,50.98539757585555,50.98539757585555
,,,,,,,0.5759633027522925,50.911335303504956,50.911335303504956
,,,,,,,0.5809174311926595,50.83637303290681,50.83637303290681
,,,,,,,0.5858715596330265,50.76051076406111,50.76051076406111
,,,,,,,0.5908256880733934,50.68374849696788,50.68374849696788
,,,,,,,0.5957798165137603,50.606086231627096,50.606086231627096
,,,,,,,0.6007339449541272,50.52752396803877,50.52752396803877
,,,,,,,0.6056880733944944,50.4480617062029,50.4480617062029
,,,,,,,0.6106422018348613,50.36769944611948,50.36769944611948
,,,,,,,0.6155963302752282,50.28643718778852,50.28643718778852
,,,,,,,0.6205504587155953,50.20427493121001,50.20427493121001
,,,,,,,0.6255045871559622,50.121212676383955,50.121212676383955
,,,,,,,0.6304587155963292,50.037250423310354,50.037250423310354
,,,,,,,0.6354128440366961,49.9523881719892,49.9523881719892
,,,,,,,0.640366972477063,49.86662592242051,49.86662592242051
,,,,,,,0.6453211009174301,49.77996367460427,49.77996367460427
,,,,,,,0.650275229357797,49.69240142854049,49.69240142854049
,,,,,,,0.6552293577981639,49.60393918422916,49.60393918422916
,,,,,,,0.6601834862385311,49.514576941670285,49.514576941670285
,,,,,,,0.665137614678898,49.42431470086387,49.42431470086387
,,,,,,,0.6700917431192649,49.3331524618099,49.3331524618099
,,,,,,,0.6750458715596318,49.24109022450839,49.24109022450839
,,,,,,,0.6799999999999987,49.14812798895934,49.14812798895934
,,,,,,,0.6849541284403659,49.05426575516273,49.05426575516273
,,,,,,,0.6899082568807328,48.95950352311858,48.95950352311858
,,,,,,,0.6948623853210997,48.86384129282688,48.86384129282688
,,,,,,,0.6998165137614668,48.76727906428764,48.76727906428764
,,,,,,,0.7047706422018337,48.66981683750086,48.66981683750086
,,,,,,,0.7097247706422006,48.57145461246653,48.57145461246653
,,,,,,,0.7146788990825675,48.472192389184656,48.472192389184656
,,,,,,,0.7196330275229345,48.37203016765524,48.37203016765524
,,,,,,,0.7245871559633016,48.27096794787826,48.27096794787826
,,,,,,,0.7295412844036685,48.16900572985375,48.16900572985375
,,,,,,,0.7344954128440354,48.066143513581686,48.066143513581686
,,,,,,,0.7394495412844025,47.96238129906209,47.96238129906209
,,,,,,,0.7444036697247695,47.857719086294935,47.857719086294935
,,,,,,,0.7493577981651364,47.752156875280235,47.752156875280235
,,,,,,,0.7543119266055033,47.645694666018,47.645694666018
,,,,,,,0.7592660550458702,47.538332458508215,47.538332458508215
,,,,,,,0.7642201834862373,47.43007025275088,47.43007025275088
,,,,,,,0.7691743119266042,47.320908048746,47.320908048746
,,,,,,,0.7741284403669711,47.210845846493584,47.210845846493584
,,,,,,,0.7790825688073383,47.09988364599361,47.09988364599361
,,,,,,,0.7840366972477052,46.98802144724609,46.98802144724609
,,,,,,,0.7889908256880721,46.875259250251034,46.875259250251034
,,,,,,,0.793944954128439,46.76159705500842,46.76159705500842
,,,,,,,0.7988990825688059,46.64703486151827,46.64703486151827
,,,,,,,0.8038532110091731,46.53157266978057,46.53157266978057
,,,,,,,0.80880733944954,46.41521047979533,46.41521047979533
,,,,,,,0.8137614678899069,46.29794829156254,46.29794829156254
,,,,,,,0.818715596330274,46.1797861050822,46.1797861050822
,,,,,,,0.8236697247706409,46.06072392035432,46.06072392035432
,,,,,,,0.8286238532110078,45.9407617373789,45.9407617373789
,,,,,,,0.8335779816513748,45.81989955615593,45.81989955615593
,,,,,,,0.8385321100917417,45.69813737668541,45.69813737668541
,,,,,,,0.8434862385321088,45.57547519896735,45.57547519896735
,,,,,,,0.8484403669724757,45.45191302300174,45.45191302300174
,,,,,,,0.8533944954128426,45.32745084878859,45.32745084878859
,,,,,,,0.8583486238532098,45.20208867632788,45.20208867632788
,,,,,,,0.8633027522935767,45.07582650561964,45.07582650561964
,,,,,,,0.8682568807339436,44.94866433666385,44.94866433666385
,,,,,,,0.8732110091743105,44.820602169460514,44.820602169460514
,,,,,,,0.8781651376146774,44.691640004009635,44.691640004009635
,,,,,,,0.8831192660550445,44.5617778403112,44.5617778403112
,,,,,,,0.8880733944954115,44.43101567836523,44.43101567836523
,,,,,,,0.8930275229357784,44.29935351817171,44.29935351817171
,,,,,,,0.8979816513761455,44.166791359730645,44.166791359730645
,,,,,,,0.9029357798165124,44.03332920304204,44.03332920304204
,,,,,,,0.9078899082568793,43.898967048105874,43.898967048105874
,,,,,,,0.9128440366972462,43.76370489492218,43.76370489492218
,,,,,,,0.9177981651376131,43.627542743490935,43.627542743490935
,,,,,,,0.9227522935779803,43.49048059381214,43.49048059381214
,,,,,,,0.9277064220183472,43.3525184458858,43.3525184458858
,,,,,,,0.9326605504587141,43.213656299711914,43.213656299711914
,,,,,,,0.9376146788990812,43.07389415529048,43.07389415529048
,,,,,,,0.9425688073394481,42.93323201262151,42.93323201262151
,,,,,,,0.9475229357798151,42.79166987170498,42.79166987170498
,,,,,,,0.952477064220182,42.649207732540916,42.649207732540916
,,,,,,,0.9574311926605489,42.50584559512931,42.50584559512931
,,,,,,,0.962385321100916,42.36158345947015,42.36158345947015
,,,,,,,0.9673394495412829,42.216421325563445,42.216421325563445
,,,,,,,0.9722935779816498,42.0703591934092,42.0703591934092
,,,,,,,0.977247706422017,41.9233970630074,41.9233970630074
,,,,,,,0.9822018348623839,41.77553493435806,41.77553493435806
,,,,,,,0.9871559633027508,41.62677280746118,41.62677280746118
,,,,,,,0.9921100917431177,41.47711068231675,41.47711068231675
,,,,,,,0.9970642201834846,41.32654855892477,41.32654855892477
,,,,,,,1.0020183486238516,41.175086437285245,41.175086437285245
,,,,,,,1.0069724770642186,41.02272431739818,41.02272431739818
,,,,,,,1.0119266055045855,40.869462199263566,40.869462199263566
,,,,,,,1.0168807339449528,40.71530008288139,40.71530008288139
,,,,,,,1.0218348623853197,40.56023796825169,40.56023796825169
,,,,,,,1.0267889908256866,40.404275855374436,40.404275855374436
,,,,,,,1.0317431192660536,40.24741374424964,40.24741374424964
,,,,,,,1.0366972477064205,40.089651634877306,40.089651634877306
,,,,,,,1.0416513761467874,39.930989527257424,39.930989527257424
,,,,,,,1.0466055045871543,39.77142742138999,39.77142742138999
,,,,,,,1.0515596330275212,39.610965317275,39.610965317275
,,,,,,,1.0565137614678886,39.44960321491247,39.44960321491247
,,,,,,,1.0614678899082555,39.2873411143024,39.2873411143024
,,,,,,,1.0664220183486224,39.12417901544479,39.12417901544479
,,,,,,,1.0713761467889893,38.96011691833963,38.96011691833963
,,,,,,,1.0763302752293562,38.79515482298692,38.79515482298692
,,,,,,,1.0812844036697231,38.62929272938668,38.62929272938668
,,,,,,,1.08623853211009,38.462530637538876,38.462530637538876
,,,,,,,1.091192660550457,38.294868547443535,38.294868547443535
,,,,,,,1.0961467889908243,38.12630645910063,38.12630645910063
,,,,,,,1.1011009174311912,37.956844372510204,37.956844372510204
,,,,,,,1.1060550458715581,37.78648228767222,37.78648228767222
,,,,,,,1.111009174311925,37.6152202045867,37.6152202045867
,,,,,,,1.115963302752292,37.44305812325362,37.44305812325362
,,,,,,,1.1209174311926589,37.269996043673004,37.269996043673004
,,,,,,,1.1258715596330258,37.096033965844846,37.096033965844846
,,,,,,,1.1308256880733927,36.92117188976914,36.92117188976914
,,,,,,,1.13577981651376,36.74540981544587,36.74540981544587
,,,,,,,1.140733944954127,36.568747742875075,36.568747742875075
,,,,,,,1.1456880733944939,36.39118567205672,36.39118567205672
,,,,,,,1.1506422018348608,36.212723602990835,36.212723602990835
,,,,,,,1.1555963302752277,36.0333615356774,36.0333615356774
,,,,,,,1.1605504587155946,35.85309947011642,35.85309947011642
,,,,,,,1.1655045871559615,35.67193740630789,35.67193740630789
,,,,,,,1.1704587155963284,35.48987534425182,35.48987534425182
,,,,,,,1.1754128440366958,35.306913283948184,35.306913283948184
,,,,,,,1.1803669724770627,35.12305122539702,35.12305122539702
,,,,,,,1.1853211009174296,34.93828916859832,34.93828916859832
,,,,,,,1.1902752293577965,34.752627113552066,34.752627113552066
,,,,,,,1.1952293577981634,34.56606506025827,34.56606506025827
,,,,,,,1.2001834862385303,34.378603008716915,34.378603008716915
,,,,,,,1.2051376146788972,34.19024095892803,34.19024095892803
,,,,,,,1.2100917431192642,34.00097891089159,34.00097891089159
,,,,,,,1.2150458715596315,33.81081686460759,33.81081686460759
,,,,,,,1.2199999999999984,33.61975482007606,33.61975482007606
,,,,,,,1.2249541284403653,33.42779277729698,33.42779277729698
,,,,,,,1.2299082568807322,33.23493073627036,33.23493073627036
,,,,,,,1.2348623853210992,33.041168696996195,33.041168696996195
,,,,,,,1.239816513761466,32.846506659474485,32.846506659474485
,,,,,,,1.244770642201833,32.65094462370523,32.65094462370523
,,,,,,,1.2497247706422,32.45448258968843,32.45448258968843
,,,,,,,1.2546788990825672,32.25712055742406,32.25712055742406
,,,,,,,1.2596330275229342,32.058858526912175,32.058858526912175
,,,,,,,1.264587155963301,31.859696498152733,31.859696498152733
,,,,,,,1.269541284403668,31.65963447114574,31.65963447114574
,,,,,,,1.274495412844035,31.458672445891214,31.458672445891214
,,,,,,,1.2794495412844018,31.256810422389137,31.256810422389137
,,,,,,,1.2844036697247687,31.05404840063952,31.05404840063952
,,,,,,,1.2893577981651356,30.850386380642355,30.850386380642355
,,,,,,,1.294311926605503,30.645824362397622,30.645824362397622
,,,,,,,1.29926605504587,30.44036234590536,30.44036234590536
,,,,,,,1.3042201834862368,30.234000331165557,30.234000331165557
,,,,,,,1.3091743119266037,30.02673831817821,30.02673831817821
,,,,,,,1.3141284403669706,29.818576306943314,29.818576306943314
,,,,,,,1.3190825688073375,29.609514297460876,29.609514297460876
,,,,,,,1.3240366972477045,29.399552289730885,29.399552289730885
,,,,,,,1.3289908256880714,29.188690283753353,29.188690283753353
,,,,,,,1.3339449541284387,28.97692827952826,28.97692827952826
,,,,,,,1.3388990825688056,28.764266277055633,28.764266277055633
,,,,,,,1.3438532110091725,28.550704276335466,28.550704276335466
,,,,,,,1.3488073394495395,28.336242277367752,28.336242277367752
,,,,,,,1.3537614678899064,28.12088028015249,28.12088028015249
,,,,,,,1.3587155963302733,27.904618284689683,27.904618284689683
,,,,,,,1.3636697247706402,27.687456290979334,27.687456290979334
,,,,,,,1.368623853211007,27.46939429902143,27.46939429902143
,,,,,,,1.3735779816513745,27.250432308815974,27.250432308815974
,,,,,,,1.3785321100917414,27.030570320362983,27.030570320362983
,,,,,,,1.3834862385321083,26.809808333662453,26.809808333662453
,,,,,,,1.3884403669724752,26.588146348714368,26.588146348714368
,,,,,,,1.393394495412842,26.36558436551875,26.36558436551875
,,,,,,,1.398348623853209,26.142122384075577,26.142122384075577
,,,,,,,1.403302752293576,25.917760404384865,25.917760404384865
,,,,,,,1.4082568807339428,25.692498426446598,25.692498426446598
,,,,,,,1.4132110091743102,25.466336450260776,25.466336450260776
,,,,,,,1.418165137614677,25.239274475827422,25.239274475827422
,,,,,,,1.423119266055044,25.01131250314652,25.01131250314652
,,,,,,,1.428073394495411,24.78245053221808,24.78245053221808
,,,,,,,1.4330275229357778,24.55268856304209,24.55268856304209
,,,,,,,1.4379816513761448,24.322026595618546,24.322026595618546
,,,,,,,1.4429357798165117,24.090464629947462,24.090464629947462
,,,,,,,1.4478899082568786,23.858002666028845,23.858002666028845
,,,,,,,1.452844036697246,23.624640703862646,23.624640703862646
,,,,,,,1.4577981651376128,23.390378743448935,23.390378743448935
,,,,,,,1.4627522935779798,23.15521678478767,23.15521678478767
,,,,,,,1.4677064220183467,22.919154827878863,22.919154827878863
,,,,,,,1.4726605504587136,22.68219287272251,22.68219287272251
,,,,,,,1.4776146788990805,22.444330919318602,22.444330919318602
,,,,,,,1.4825688073394474,22.205568967667155,22.205568967667155
,,,,,,,1.4875229357798143,21.96590701776816,21.96590701776816
,,,,,,,1.4924770642201817,21.725345069621603,21.725345069621603
,,,,,,,1.4974311926605486,21.48388312322752,21.48388312322752
,,,,,,,1.5023853211009155,21.24152117858589,21.24152117858589
,,,,,,,1.5073394495412824,20.99825923569672,20.99825923569672
,,,,,,,1.5122935779816493,20.754097294559998,20.754097294559998
,,,,,,,1.5172477064220162,20.509035355175733,20.509035355175733
,,,,,,,1.5222018348623831,20.26307341754393,20.26307341754393
,,,,,,,1.52715596330275,20.01621148166457,20.01621148166457
,,,,,,,1.5321100917431174,19.768449547537642,19.768449547537642
,,,,,,,1.5370642201834843,19.519787615163196,19.519787615163196
,,,,,,,1.5420183486238512,19.27022568454121,19.27022568454121
,,,,,,,1.5469724770642181,19.019763755671654,19.019763755671654
,,,,,,,1.551926605504585,18.76840182855458,18.76840182855458
,,,,,,,1.556880733944952,18.516139903189952,18.516139903189952
,,,,,,,1.5618348623853189,18.26297797957777,18.26297797957777
,,,,,,,1.5667889908256858,18.008916057718054,18.008916057718054
,,,,,,,1.5717431192660531,17.753954137610755,17.753954137610755
,,,,,,,1.57669724770642,17.498092219255945,17.498092219255945
,,,,,,,1.581651376146787,17.241330302653587,17.241330302653587
,,,,,,,1.5866055045871539,16.983668387803682,16.983668387803682
,,,,,,,1.5915596330275208,16.72510647470623,16.72510647470623
,,,,,,,1.5965137614678877,16.465644563361238,16.465644563361238
,,,,,,,1.6014678899082546,16.2052826537687,16.2052826537687
,,,,,,,1.606422018348622,15.94402074592859,15.94402074592859
,,,,,,,1.6113761467889889,15.681858839840956,15.681858839840956
,,,,,,,1.6163302752293558,15.418796935505775,15.418796935505775
,,,,,,,1.6212844036697227,15.15483503292306,15.15483503292306
,,,,,,,1.6262385321100896,14.889973132092784,14.889973132092784
,,,,,,,1.6311926605504565,14.624211233014968,14.624211233014968
,,,,,,,1.6361467889908234,14.357549335689619,14.357549335689619
,,,,,,,1.6411009174311908,14.089987440116687,14.089987440116687
,,,,,,,1.6460550458715577,13.821525546296229,13.821525546296229
,,,,,,,1.6510091743119246,13.552163654228238,13.552163654228238
,,,,,,,1.6559633027522915,13.281901763912686,13.281901763912686
,,,,,,,1.6609174311926584,13.010739875349593,13.010739875349593
,,,,,,,1.6658715596330254,12.738677988538967,12.738677988538967
,,,,,,,1.6708256880733923,12.465716103480787,12.465716103480787
,,,,,,,1.6757798165137592,12.191854220175067,12.191854220175067
,,,,,,,1.680733944954126,11.917092338621785,11.917092338621785
,,,,,,,1.6856880733944934,11.641430458820949,11.641430458820949
,,,,,,,1.6906422018348604,11.364868580772587,11.364868580772587
,,,,,,,1.6955963302752273,11.08740670447667,11.08740670447667
,,,,,,,1.7005504587155942,10.809044829933228,10.809044829933228
,,,,,,,1.705504587155961,10.529782957142224,10.529782957142224
,,,,,,,1.710458715596328,10.24962108610368,10.24962108610368
,,,,,,,1.715412844036695,9.968559216817589,9.968559216817589
,,,,,,,1.7203669724770623,9.686597349283929,9.686597349283929
,,,,,,,1.7253211009174292,9.40373548350275,9.40373548350275
,,,,,,,1.730275229357796,9.119973619474024,9.119973619474024
,,,,,,,1.735229357798163,8.835311757197758,8.835311757197758
,,,,,,,1.74018348623853,8.549749896673937,8.549749896673937
,,,,,,,1.7451376146788968,8.263288037902576,8.263288037902576
,,,,,,,1.7500917431192637,7.975926180883661,7.975926180883661
,,,,,,,1.7550458715596307,7.687664325617206,7.687664325617206
,,,,,,,1.7599999999999976,7.39850247210321,7.39850247210321
,,,,,,,1.764954128440365,7.108440620341632,7.108440620341632
,,,,,,,1.7699082568807318,6.817478770332542,6.817478770332542
,,,,,,,1.7748623853210987,6.525616922075912,6.525616922075912
,,,,,,,1.7798165137614657,6.232855075571727,6.232855075571727
,,,,,,,1.7847706422018326,5.939193230819981,5.939193230819981
,,,,,,,1.7897247706421995,5.644631387820709,5.644631387820709
,,,,,,,1.7946788990825664,5.34916954657389,5.34916954657389
,,,,,,,1.7996330275229337,5.052807707079502,5.052807707079502
,,,,,,,1.8045871559633007,4.755545869337588,4.755545869337588
,,,,,,,1.8095412844036676,4.457384033348127,4.457384033348127
,,,,,,,1.8144954128440345,4.158322199111133,4.158322199111133
,,,,,,,1.8194495412844014,3.8583603666265844,3.8583603666265844
,,,,,,,1.8244036697247683,3.5574985358944957,3.5574985358944957
,,,,,,,1.8293577981651352,3.2557367069148526,3.2557367069148526
,,,,,,,1.8343119266055021,2.9530748796876694,2.9530748796876694
,,,,,,,1.839266055045869,2.649513054212939,2.649513054212939
,,,,,,,1.8442201834862364,2.3450512304906326,2.3450512304906326
,,,,,,,1.8491743119266033,2.0396894085208146,2.0396894085208146
,,,,,,,1.8541284403669702,1.7334275883034493,1.7334275883034493
,,,,,,,1.8590825688073371,1.4262657698385368,1.4262657698385368
,,,,,,,1.864036697247704,1.1182039531260841,1.1182039531260841
,,,,,,,1.868990825688071,0.8092421381660699,0.8092421381660699
,,,,,,,1.8739449541284379,0.4993803249585085,0.4993803249585085
,,,,,,,1.8788990825688052,0.18861851350339975,0.18861851350339975
,,,,,,,1.8838532110091721,-0.12304329619925625,-0.12304329619925625
,,,,,,,1.888807339449539,-0.4356051041494311,-0.4356051041494311
,,,,,,,1.893761467889906,-0.7490669103471674,-0.7490669103471674
,,,,,,,1.8987155963302729,-1.063428714792451,-1.063428714792451
,,,,,,,1.9036697247706398,-1.3786905174852677,-1.3786905174852677
,,,,,,,1.9086238532110067,-1.6948523184256317,-1.6948523184256317
,,,,,,,1.9135779816513736,-2.011914117613557,-2.011914117613557
,,,,,,,1.9185321100917405,-2.3298759150490156,-2.3298759150490156
,,,,,,,1.9234862385321079,-2.6487377107320498,-2.6487377107320498
,,,,,,,1.9284403669724748,-2.968499504662603,-2.968499504662603
,,,,,,,1.9333944954128417,-3.289161296840703,-3.289161296840703
,,,,,,,1.9383486238532086,-3.6107230872663365,-3.6107230872663365
,,,,,,,1.9433027522935755,-3.933184875939517,-3.933184875939517
,,,,,,,1.9482568807339424,-4.256546662860259,-4.256546662860259
,,,,,,,1.9532110091743093,-4.5808084480285345,-4.5808084480285345
,,,,,,,1.9581651376146767,-4.905970231444385,-4.905970231444385
,,,,,,,1.9631192660550436,-5.232032013107769,-5.232032013107769
,,,,,,,1.9680733944954105,-5.558993793018686,-5.558993793018686
,,,,,,,1.9730275229357774,-5.886855571177151,-5.886855571177151
,,,,,,,1.9779816513761443,-6.215617347583148,-6.215617347583148
,,,,,,,1.9829357798165113,-6.545279122236693,-6.545279122236693
,,,,,,,1.9878899082568782,-6.875840895137799,-6.875840895137799
,,,,,,,1.992844036697245,-7.207302666286452,-7.207302666286452
,,,,,,,1.997798165137612,-7.539664435682653,-7.539664435682653
,,,,,,,2.0027522935779793,-7.872926203326415,-7.872926203326415
,,,,,,,2.0077064220183463,-8.207087969217696,-8.207087969217696
,,,,,,,2.012660550458713,-8.54214973335651,-8.54214973335651
,,,,,,,2.01761467889908,-8.878111495742885,-8.878111495742885
,,,,,,,2.022568807339447,-9.214973256376808,-9.214973256376808
,,,,,,,2.027522935779814,-9.552735015258278,-9.552735015258278
,,,,,,,2.032477064220181,-9.891396772387282,-9.891396772387282
,,,,,,,2.037431192660548,-10.23095852776386,-10.23095852776386
,,,,,,,2.042385321100915,-10.571420281387972,-10.571420281387972
,,,,,,,2.047339449541282,-10.912782033259603,-10.912782033259603
,,,,,,,2.052293577981649,-11.25504378337881,-11.25504378337881
,,,,,,,2.057247706422016,-11.598205531745549,-11.598205531745549
,,,,,,,2.0622018348623827,-11.942267278359822,-11.942267278359822
,,,,,,,2.0671559633027496,-12.287229023221656,-12.287229023221656
,,,,,,,2.0721100917431166,-12.633090766331023,-12.633090766331023
,,,,,,,2.0770642201834835,-12.979852507687966,-12.979852507687966
,,,,,,,2.082018348623851,-13.327514247292441,-13.327514247292441
,,,,,,,2.0869724770642177,-13.676075985144465,-13.676075985144465
,,,,,,,2.0919266055045846,-14.02553772124402,-14.02553772124402
,,,,,,,2.0968807339449516,-14.375899455591124,-14.375899455591124
,,,,,,,2.1018348623853185,-14.727161188185775,-14.727161188185775
,,,,,,,2.1067889908256854,-15.079322919027959,-15.079322919027959
,,,,,,,2.1117431192660523,-15.432384648117704,-15.432384648117704
,,,,,,,2.1166972477064196,-15.786346375455025,-15.786346375455025
,,,,,,,2.1216513761467866,-16.14120810103985,-16.14120810103985
,,,,,,,2.1266055045871535,-16.496969824872224,-16.496969824872224
,,,,,,,2.1315596330275204,-16.853631546952144,-16.853631546952144
,,,,,,,2.1365137614678873,-17.211193267279626,-17.211193267279626
,,,,,,,2.141467889908254,-17.569654985854626,-17.569654985854626
,,,,,,,2.146422018348621,-17.92901670267719,-17.92901670267719
,,,,,,,2.151376146788988,-18.289278417747298,-18.289278417747298
,,,,,,,2.156330275229355,-18.65044013106494,-18.65044013106494
,,,,,,,2.1612844036697223,-19.012501842630172,-19.012501842630172
,,,,,,,2.166238532110089,-19.37546355244291,-19.37546355244291
,,,,,,,2.171192660550456,-19.739325260503193,-19.739325260503193
,,,,,,,2.176146788990823,-20.104086966811025,-20.104086966811025
,,,,,,,2.18110091743119,-20.469748671366403,-20.469748671366403
,,,,,,,2.186055045871557,-20.83631037416933,-20.83631037416933
,,,,,,,2.1910091743119238,-21.203772075219803,-21.203772075219803
,,,,,,,2.195963302752291,-21.57213377451785,-21.57213377451785
,,,,,,,2.200917431192658,-21.941395472063405,-21.941395472063405
,,,,,,,2.205871559633025,-22.311557167856506,-22.311557167856506
,,,,,,,2.210825688073392,-22.68261886189717,-22.68261886189717
,,,,,,,2.2157798165137588,-23.054580554185378,-23.054580554185378
,,,,,,,2.2207339449541257,-23.42744224472112,-23.42744224472112
,,,,,,,2.2256880733944926,-23.801203933504397,-23.801203933504397
,,,,,,,2.2306422018348595,-24.175865620535234,-24.175865620535234
,,,,,,,2.2355963302752264,-24.551427305813604,-24.551427305813604
,,,,,,,2.2405504587155938,-24.927888989339564,-24.927888989339564
,,,,,,,2.2455045871559607,-25.305250671113043,-25.305250671113043
,,,,,,,2.2504587155963276,-25.68351235113407,-25.68351235113407
,,,,,,,2.2554128440366945,-26.062674029402615,-26.062674029402615
,,,,,,,2.2603669724770614,-26.442735705918736,-26.442735705918736
,,,,,,,2.2653211009174283,-26.823697380682376,-26.823697380682376
,,,,,,,2.2702752293577952,-27.205559053693577,-27.205559053693577
,,,,,,,2.2752293577981626,-27.588320724952354,-27.588320724952354
,,,,,,,2.2801834862385295,-27.971982394458635,-27.971982394458635
,,,,,,,2.2851376146788964,-28.356544062212492,-28.356544062212492
,,,,,,,2.2900917431192633,-28.74200572821387,-28.74200572821387
,,,,,,,2.2950458715596302,-29.128367392462778,-29.128367392462778
,,,,,,,2.299999999999997,-29.515629054959277,-29.515629054959277
,,,,,,,2.304954128440364,-29.903790715703295,-29.903790715703295
,,,,,,,2.309908256880731,-30.29285237469486,-30.29285237469486
,,,,,,,2.314862385321098,-30.682814031933958,-30.682814031933958
,,,,,,,2.3198165137614652,-31.07367568742066,-31.07367568742066
,,,,,,,2.324770642201832,-31.465437341154853,-31.465437341154853
,,,,,,,2.329724770642199,-31.858098993136608,-31.858098993136608
,,,,,,,2.334678899082566,-32.251660643365895,-32.251660643365895
,,,,,,,2.339633027522933,-32.64612229184273,-32.64612229184273
,,,,,,,2.3445871559633,-33.04148393856711,-33.04148393856711
,,,,,,,2.3495412844036667,-33.437745583539055,-33.437745583539055
,,,,,,,2.354495412844034,-33.83490722675856,-33.83490722675856
,,,,,,,2.359449541284401,-34.23296886822558,-34.23296886822558
,,,,,,,2.364403669724768,-34.63193050794014,-34.63193050794014
,,,,,,,2.369357798165135,-35.03179214590226,-35.03179214590226
,,,,,,,2.3743119266055017,-35.432553782111896,-35.432553782111896
,,,,,,,2.3792660550458686,-35.83421541656911,-35.83421541656911
,,,,,,,2.3842201834862355,-36.236777049273854,-36.236777049273854
,,,,,,,2.3891743119266025,-36.64023868022615,-36.64023868022615
,,,,,,,2.3941284403669694,-37.04460030942599,-37.04460030942599
,,,,,,,2.3990825688073367,-37.44986193687342,-37.44986193687342
,,,,,,,2.4040366972477036,-37.85602356256834,-37.85602356256834
,,,,,,,2.4089908256880705,-38.26308518651081,-38.26308518651081
,,,,,,,2.4139449541284375,-38.67104680870084,-38.67104680870084
,,,,,,,2.4188990825688044,-39.07990842913843,-39.07990842913843
,,,,,,,2.4238532110091713,-39.48967004782352,-39.48967004782352
,,,,,,,2.428807339449538,-39.900331664756195,-39.900331664756195
,,,,,,,2.4337614678899055,-40.31189327993643,-40.31189327993643
,,,,,,,2.4387155963302725,-40.72435489336418,-40.72435489336418
,,,,,,,2.4436697247706394,-41.13771650503948,-41.13771650503948
,,,,,,,2.4486238532110063,-41.55197811496231,-41.55197811496231
,,,,,,,2.453577981651373,-41.9671397231327,-41.9671397231327
,,,,,,,2.45853211009174,-42.38320132955063,-42.38320132955063
,,,,,,,2.463486238532107,-42.80016293421612,-42.80016293421612
,,,,,,,2.468440366972474,-43.21802453712914,-43.21802453712914
,,,,,,,2.473394495412841,-43.63678613828969,-43.63678613828969
,,,,,,,2.478348623853208,-44.05644773769785,-44.05644773769785
,,,,,,,2.483302752293575,-44.47700933535353,-44.47700933535353
,,,,,,,2.488256880733942,-44.898470931256725,-44.898470931256725
,,,,,,,2.493211009174309,-45.32083252540747,-45.32083252540747
,,,,,,,2.498165137614676,-45.74409411780577,-45.74409411780577
,,,,,,,2.5031192660550428,-46.168255708451625,-46.168255708451625
,,,,,,,2.5080733944954097,-46.593317297345024,-46.593317297345024
,,,,,,,2.513027522935777,-47.01927888448597,-47.01927888448597
,,,,,,,2.517981651376144,-47.446140469874464,-47.446140469874464
,,,,,,,2.522935779816511,-47.873902053510506,-47.873902053510506
,,,,,,,2.5278899082568778,-48.302563635394065,-48.302563635394065
,,,,,,,2.5328440366972447,-48.73212521552519,-48.73212521552519
,,,,,,,2.5377981651376116,-49.16258679390384,-49.16258679390384
,,,,,,,2.5427522935779785,-49.59394837053006,-49.59394837053006
,,,,,,,2.5477064220183454,-50.02620994540381,-50.02620994540381
,,,,,,,2.5526605504587123,-50.4593715185251,-50.4593715185251
,,,,,,,2.5576146788990797,-50.89343308989399,-50.89343308989399
,,,,,,,2.5625688073394466,-51.32839465951038,-51.32839465951038
,,,,,,,2.5675229357798135,-51.76425622737432,-51.76425622737432
,,,,,,,2.5724770642201804,-52.2010177934858,-52.2010177934858
,,,,,,,2.5774311926605473,-52.63867935784481,-52.63867935784481
,,,,,,,2.5823853211009142,-53.07724092045139,-53.07724092045139
,,,,,,,2.587339449541281,-53.516702481305515,-53.516702481305515
,,,,,,,2.5922935779816485,-53.95706404040722,-53.95706404040722
,,,,,,,2.5972477064220154,-54.398325597756426,-54.398325597756426
,,,,,,,2.6022018348623823,-54.840487153353166,-54.840487153353166
,,,,,,,2.6071559633027492,-55.28354870719748,-55.28354870719748
,,,,,,,2.612110091743116,-55.72751025928933,-55.72751025928933
,,,,,,,2.617064220183483,-56.172371809628714,-56.172371809628714
,,,,,,,2.62201834862385,-56.61813335821566,-56.61813335821566
,,,,,,,2.626972477064217,-57.064794905050135,-57.064794905050135
,,,,,,,2.631926605504584,-57.512356450132174,-57.512356450132174
,,,,,,,2.636880733944951,-57.96081799346179,-57.96081799346179
,,,,,,,2.641834862385318,-58.41017953503891,-58.41017953503891
,,,,,,,2.646788990825685,-58.86044107486357,-58.86044107486357
,,,,,,,2.651743119266052,-59.3116026129358,-59.3116026129358
,,,,,,,2.656697247706419,-59.76366414925555,-59.76366414925555
,,,,,,,2.6616513761467857,-60.21662568382284,-60.21662568382284
,,,,,,,2.6666055045871526,-60.67048721663771,-60.67048721663771
,,,,,,,2.67155963302752,-61.12524874770013,-61.12524874770013
,,,,,,,2.676513761467887,-61.58091027701006,-61.58091027701006
,,,,,,,2.681467889908254,-62.037471804567545,-62.037471804567545
,,,,,,,2.6864220183486207,-62.494933330372575,-62.494933330372575
,,,,,,,2.6913761467889876,-62.95329485442515,-62.95329485442515
,,,,,,,2.6963302752293545,-63.41255637672528,-63.41255637672528
,,,,,,,2.7012844036697214,-63.87271789727295,-63.87271789727295
,,,,,,,2.7062385321100884,-64.33377941606817,-64.33377941606817
,,,,,,,2.7111926605504553,-64.79574093311092,-64.79574093311092
,,,,,,,2.7161467889908226,-65.25860244840128,-65.25860244840128
,,,,,,,2.7211009174311895,-65.72236396193912,-65.72236396193912
,,,,,,,2.7260550458715564,-66.18702547372453,-66.18702547372453
,,,,,,,2.7310091743119234,-66.65258698375746,-66.65258698375746
,,,,,,,2.7359633027522903,-67.11904849203796,-67.11904849203796
,,,,,,,2.740917431192657,-67.58640999856598,-67.58640999856598
,,,,,,,2.745871559633024,-68.05467150334155,-68.05467150334155
,,,,,,,2.7508256880733915,-68.52383300636473,-68.52383300636473
,,,,,,,2.7557798165137584,-68.99389450763539,-68.99389450763539
,,,,,,,2.7607339449541253,-69.46485600715363,-69.46485600715363
,,,,,,,2.765688073394492,-69.93671750491939,-69.93671750491939
,,,,,,,2.770642201834859,-70.40947900093266,-70.40947900093266
,,,,,,,2.775596330275226,-70.88314049519352,-70.88314049519352
,,,,,,,2.780550458715593,-71.35770198770192,-71.35770198770192
,,,,,,,2.78550458715596,-71.83316347845786,-71.83316347845786
,,,,,,,2.7904587155963267,-72.30952496746136,-72.30952496746136
,,,,,,,2.795412844036694,-72.78678645471246,-72.78678645471246
,,,,,,,2.800366972477061,-73.26494794021102,-73.26494794021102
,,,,,,,2.805321100917428,-73.74400942395715,-73.74400942395715
,,,,,,,2.810275229357795,-74.22397090595081,-74.22397090595081
,,,,,,,2.8152293577981617,-74.70483238619204,-74.70483238619204
,,,,,,,2.8201834862385287,-75.18659386468079,-75.18659386468079
,,,,,,,2.8251376146788956,-75.66925534141708,-75.66925534141708
,,,,,,,2.830091743119263,-76.15281681640099,-76.15281681640099
,,,,,,,2.83504587155963,-76.6372782896324,-76.6372782896324
,,,,,,,2.8399999999999967,-77.12263976111134,-77.12263976111134
,,,,,,,2.8449541284403637,-77.60890123083783,-77.60890123083783
,,,,,,,2.8499082568807306,-78.09606269881188,-78.09606269881188
,,,,,,,2.8548623853210975,-78.58412416503346,-78.58412416503346
,,,,,,,2.8598165137614644,-79.07308562950259,-79.07308562950259
,,,,,,,2.8647706422018313,-79.56294709221926,-79.56294709221926
,,,,,,,2.869724770642198,-80.05370855318348,-80.05370855318348
,,,,,,,2.8746788990825656,-80.54537001239531,-80.54537001239531
,,,,,,,2.8796330275229325,-81.0379314698546,-81.0379314698546
,,,,,,,2.8845871559632994,-81.53139292556143,-81.53139292556143
,,,,,,,2.8895412844036663,-82.02575437951585,-82.02575437951585
,,,,,,,2.894495412844033,-82.5210158317178,-82.5210158317178
,,,,,,,2.8994495412844,-83.01717728216728,-83.01717728216728
,,,,,,,2.904403669724767,-83.51423873086434,-83.51423873086434
,,,,,,,2.9093577981651344,-84.01220017780896,-84.01220017780896
,,,,,,,2.9143119266055013,-84.51106162300108,-84.51106162300108
,,,,,,,2.9192660550458682,-85.01082306644075,-85.01082306644075
,,,,,,,2.924220183486235,-85.51148450812799,-85.51148450812799
,,,,,,,2.929174311926602,-86.01304594806277,-86.01304594806277
,,,,,,,2.934128440366969,-86.51550738624505,-86.51550738624505
,,,,,,,2.939082568807336,-87.01886882267493,-87.01886882267493
,,,,,,,2.944036697247703,-87.52313025735234,-87.52313025735234
,,,,,,,2.9489908256880697,-88.02829169027729,-88.02829169027729
,,,,,,,2.953944954128437,-88.53435312144981,-88.53435312144981
,,,,,,,2.958899082568804,-89.04131455086986,-89.04131455086986
,,,,,,,2.963853211009171,-89.54917597853745,-89.54917597853745
,,,,,,,2.968807339449538,-90.05793740445256,-90.05793740445256
,,,,,,,2.9737614678899047,-90.56759882861525,-90.56759882861525
,,,,,,,2.9787155963302716,-91.07816025102548,-91.07816025102548
,,,,,,,2.9836697247706385,-91.58962167168323,-91.58962167168323
,,,,,,,2.988623853211006,-92.10198309058859,-92.10198309058859
,,,,,,,2.993577981651373,-92.61524450774144,-92.61524450774144
,,,,,,,2.9985321100917397,-93.12940592314186,-93.12940592314186
,,,,,,,3.0034862385321066,-93.64446733678983,-93.64446733678983
,,,,,,,3.0084403669724735,-94.16042874868529,-94.16042874868529
,,,,,,,3.0133944954128404,-94.67729015882836,-94.67729015882836
,,,,,,,3.0183486238532073,-95.19505156721891,-95.19505156721891
,,,,,,,3.0233027522935743,-95.71371297385707,-95.71371297385707
,,,,,,,3.028256880733941,-96.23327437874272,-96.23327437874272
,,,,,,,3.0332110091743085,-96.75373578187603,-96.75373578187603
,,,,,,,3.0381651376146754,-97.27509718325678,-97.27509718325678
,,,,,,,3.0431192660550423,-97.79735858288512,-97.79735858288512
,,,,,,,3.0480733944954093,-98.32051998076096,-98.32051998076096
,,,,,,,3.053027522935776,-98.84458137688435,-98.84458137688435
,,,,,,,3.057981651376143,-99.36954277125533,-99.36954277125533
,,,,,,,3.06293577981651,-99.89540416387383,-99.89540416387383
,,,,,,,3.0678899082568774,-100.42216555473992,-100.42216555473992
,,,,,,,3.0728440366972443,-100.9498269438535,-100.9498269438535
,,,,,,,3.077798165137611,-101.47838833121465,-101.47838833121465
,,,,,,,3.082752293577978,-102.00784971682332,-102.00784971682332
,,,,,,,3.087706422018345,-102.53821110067953,-102.53821110067953
,,,,,,,3.092660550458712,-103.0694724827833,-103.0694724827833
,,,,,,,3.097614678899079,-103.60163386313464,-103.60163386313464
,,,,,,,3.1025688073394457,-104.1346952417335,-104.1346952417335
,,,,,,,3.1075229357798126,-104.6686566185799,-104.6686566185799
,,,,,,,3.11247706422018,-105.20351799367391,-105.20351799367391
,,,,,,,3.117431192660547,-105.73927936701538,-105.73927936701538
,,,,,,,3.122385321100914,-106.27594073860443,-106.27594073860443
,,,,,,,3.1273394495412807,-106.81350210844106,-106.81350210844106
,,,,,,,3.1322935779816476,-107.35196347652517,-107.35196347652517
,,,,,,,3.1372477064220146,-107.89132484285687,-107.89132484285687
,,,,,,,3.1422018348623815,-108.43158620743608,-108.43158620743608
,,,,,,,3.147155963302749,-108.97274757026291,-108.97274757026291
,,,,,,,3.1521100917431157,-109.51480893133726,-109.51480893133726
,,,,,,,3.1570642201834827,-110.0577702906591,-110.0577702906591
,,,,,,,3.1620183486238496,-110.6016316482285,-110.6016316482285
,,,,,,,3.1669724770642165,-111.14639300404545,-111.14639300404545
,,,,,,,3.1719266055045834,-111.69205435810997,-111.69205435810997
,,,,,,,3.1768807339449503,-112.23861571042201,-112.23861571042201
,,,,,,,3.181834862385317,-112.7860770609816,-112.7860770609816
,,,,,,,3.186788990825684,-113.33443840978876,-113.33443840978876
,,,,,,,3.1917431192660515,-113.8836997568435,-113.8836997568435
,,,,,,,3.1966972477064184,-114.4338611021457,-114.4338611021457
,,,,,,,3.2016513761467853,-114.9849224456955,-114.9849224456955
,,,,,,,3.206605504587152,-115.5368837874928,-115.5368837874928
,,,,,,,3.211559633027519,-116.08974512753767,-116.08974512753767
,,,,,,,3.216513761467886,-116.64350646583009,-116.64350646583009
,,,,,,,3.221467889908253,-117.19816780237005,-117.19816780237005
,,,,,,,3.2264220183486203,-117.75372913715759,-117.75372913715759
,,,,,,,3.231376146788987,-118.31019047019265,-118.31019047019265
,,,,,,,3.236330275229354,-118.86755180147523,-118.86755180147523
,,,,,,,3.241284403669721,-119.42581313100538,-119.42581313100538
,,,,,,,3.246238532110088,-119.98497445878306,-119.98497445878306
,,,,,,,3.251192660550455,-120.54503578480828,-120.54503578480828
,,,,,,,3.2561467889908218,-121.10599710908104,-121.10599710908104
,,,,,,,3.2611009174311887,-121.66785843160139,-121.66785843160139
,,,,,,,3.2660550458715556,-122.23061975236926,-122.23061975236926
,,,,,,,3.271009174311923,-122.79428107138472,-122.79428107138472
,,,,,,,3.27596330275229,-123.35884238864769,-123.35884238864769
,,,,,,,3.2809174311926568,-123.92430370415819,-123.92430370415819
,,,,,,,3.2858715596330237,-124.49066501791624,-124.49066501791624
,,,,,,,3.2908256880733906,-125.05792632992184,-125.05792632992184
,,,,,,,3.2957798165137575,-125.62608764017499,-125.62608764017499
,,,,,,,3.3007339449541244,-126.19514894867568,-126.19514894867568
,,,,,,,3.3056880733944918,-126.76511025542395,-126.76511025542395
,,,,,,,3.3106422018348587,-127.33597156041971,-127.33597156041971
,,,,,,,3.3155963302752256,-127.90773286366304,-127.90773286366304
,,,,,,,3.3205504587155925,-128.48039416515394,-128.48039416515394
,,,,,,,3.3255045871559594,-129.05395546489234,-129.05395546489234
,,,,,,,3.3304587155963263,-129.62841676287832,-129.62841676287832
,,,,,,,3.3354128440366932,-130.2037780591118,-130.2037780591118
,,,,,,,3.34036697247706,-130.78003935359288,-130.78003935359288
,,,,,,,3.345321100917427,-131.35720064632144,-131.35720064632144
,,,,,,,3.3502752293577944,-131.93526193729764,-131.93526193729764
,,,,,,,3.3552293577981613,-132.51422322652135,-132.51422322652135
,,,,,,,3.3601834862385282,-133.09408451399258,-133.09408451399258
,,,,,,,3.365137614678895,-133.67484579971136,-133.67484579971136
,,,,,,,3.370091743119262,-134.25650708367772,-134.25650708367772
,,,,,,,3.375045871559629,-134.83906836589156,-134.83906836589156
,,,,,,,3.379999999999996,-135.42252964635298,-135.42252964635298
,,,,,,,3.3849541284403633,-136.006890925062,-136.006890925062
,,,,,,,3.38990825688073,-136.5921522020185,-136.5921522020185
,,,,,,,3.394862385321097,-137.17831347722256,-137.17831347722256
,,,,,,,3.399816513761464,-137.76537475067417,-137.76537475067417
,,,,,,,3.404770642201831,-138.3533360223733,-138.3533360223733
,,,,,,,3.409724770642198,-138.94219729232,-138.94219729232
,,,,,,,3.4146788990825647,-139.53195856051423,-139.53195856051423
,,,,,,,3.4196330275229316,-140.12261982695603,-140.12261982695603
,,,,,,,3.4245871559632985,-140.71418109164534,-140.71418109164534
,,,,,,,3.429541284403666,-141.30664235458227,-141.30664235458227
,,,,,,,3.434495412844033,-141.9000036157667,-141.9000036157667
,,,,,,,3.4394495412843997,-142.49426487519867,-142.49426487519867
,,,,,,,3.4444036697247666,-143.08942613287815,-143.08942613287815
,,,,,,,3.4493577981651335,-143.68548738880523,-143.68548738880523
,,,,,,,3.4543119266055005,-144.2824486429798,-144.2824486429798
,,,,,,,3.4592660550458674,-144.88030989540195,-144.88030989540195
,,,,,,,3.4642201834862347,-145.4790711460717,-145.4790711460717
,,,,,,,3.4691743119266016,-146.07873239498895,-146.07873239498895
,,,,,,,3.4741284403669686,-146.67929364215374,-146.67929364215374
,,,,,,,3.4790825688073355,-147.28075488756608,-147.28075488756608
,,,,,,,3.4840366972477024,-147.88311613122596,-147.88311613122596
,,,,,,,3.4889908256880693,-148.48637737313334,-148.48637737313334
,,,,,,,3.493944954128436,-149.09053861328835,-149.09053861328835
,,,,,,,3.498899082568803,-149.69559985169087,-149.69559985169087
,,,,,,,3.50385321100917,-150.30156108834092,-150.30156108834092
,,,,,,,3.5088073394495374,-150.90842232323854,-150.90842232323854
,,,,,,,3.5137614678899043,-151.51618355638374,-151.51618355638374
,,,,,,,3.518715596330271,-152.1248447877764,-152.1248447877764
,,,,,,,3.523669724770638,-152.73440601741663,-152.73440601741663
,,,,,,,3.528623853211005,-153.34486724530444,-153.34486724530444
,,,,,,,3.533577981651372,-153.95622847143977,-153.95622847143977
,,,,,,,3.538532110091739,-154.56848969582262,-154.56848969582262
,,,,,,,3.543486238532106,-155.1816509184531,-155.1816509184531
,,,,,,,3.548440366972473,-155.7957121393311,-155.7957121393311
,,,,,,,3.55339449541284,-156.41067335845656,-156.41067335845656
,,,,,,,3.558348623853207,-157.02653457582966,-157.02653457582966
,,,,,,,3.563302752293574,-157.6432957914503,-157.6432957914503
,,,,,,,3.5682568807339408,-158.2609570053184,-158.2609570053184
,,,,,,,3.5732110091743077,-158.87951821743414,-158.87951821743414
,,,,,,,3.5781651376146746,-159.49897942779734,-159.49897942779734
,,,,,,,3.5831192660550415,-160.11934063640817,-160.11934063640817
,,,,,,,3.588073394495409,-160.74060184326655,-160.74060184326655
,,,,,,,3.5930275229357758,-161.36276304837241,-161.36276304837241
,,,,,,,3.5979816513761427,-161.98582425172586,-161.98582425172586
,,,,,,,3.602935779816509,-162.60978545332677,-162.60978545332677
,,,,,,,3.6078899082568765,-163.2346466531753,-163.2346466531753
,,,,,,,3.612844036697244,-163.86040785127145,-163.86040785127145
,,,,,,,3.6177981651376103,-164.48706904761497,-164.48706904761497
,,,,,,,3.6227522935779777,-165.1146302422062,-165.1146302422062
,,,,,,,3.627706422018344,-165.74309143504482,-165.74309143504482
,,,,,,,3.6326605504587115,-166.37245262613115,-166.37245262613115
,,,,,,,3.637614678899078,-167.00271381546486,-167.00271381546486
,,,,,,,3.6425688073394453,-167.63387500304626,-167.63387500304626
,,,,,,,3.6475229357798127,-168.2659361888752,-168.2659361888752
,,,,,,,3.652477064220179,-168.89889737295155,-168.89889737295155
,,,,,,,3.6574311926605465,-169.5327585552756,-169.5327585552756
,,,,,,,3.662385321100913,-170.16751973584707,-170.16751973584707
,,,,,,,3.6673394495412803,-170.8031809146662,-170.8031809146662
,,,,,,,3.672293577981647,-171.4397420917327,-171.4397420917327
,,,,,,,3.677247706422014,-172.07720326704694,-172.07720326704694
,,,,,,,3.6822018348623815,-172.7155644406087,-172.7155644406087
,,,,,,,3.687155963302748,-173.3548256124179,-173.3548256124179
,,,,,,,3.6921100917431153,-173.99498678247474,-173.99498678247474
,,,,,,,3.697064220183482,-174.63604795077902,-174.63604795077902
,,,,,,,3.702018348623849,-175.27800911733095,-175.27800911733095
,,,,,,,3.7069724770642156,-175.9208702821303,-175.9208702821303
,,,,,,,3.711926605504583,-176.56463144517738,-176.56463144517738
,,,,,,,3.7168807339449494,-177.20929260647182,-177.20929260647182
,,,,,,,3.721834862385317,-177.85485376601395,-177.85485376601395
,,,,,,,3.726788990825684,-178.50131492380365,-178.50131492380365
,,,,,,,3.7317431192660506,-179.1486760798407,-179.1486760798407
,,,,,,,3.736697247706418,-179.7969372341255,-179.7969372341255
,,,,,,,3.7416513761467844,-180.4460983866577,-180.4460983866577
,,,,,,,3.746605504587152,-181.09615953743753,-181.09615953743753
,,,,,,,3.7515596330275183,-181.74712068646483,-181.74712068646483
,,,,,,,3.7565137614678856,-182.39898183373975,-182.39898183373975
,,,,,,,3.761467889908252,-183.0517429792621,-183.0517429792621
,,,,,,,3.7664220183486194,-183.70540412303217,-183.70540412303217
,,,,,,,3.771376146788987,-184.35996526504977,-184.35996526504977
,,,,,,,3.7763302752293533,-185.01542640531477,-185.01542640531477
,,,,,,,3.7812844036697206,-185.6717875438274,-185.6717875438274
,,,,,,,3.786238532110087,-186.3290486805875,-186.3290486805875
,,,,,,,3.7911926605504545,-186.9872098155953,-186.9872098155953
,,,,,,,3.796146788990821,-187.64627094885049,-187.64627094885049
,,,,,,,3.8011009174311883,-188.3062320803533,-188.3062320803533
,,,,,,,3.8060550458715556,-188.9670932101037,-188.9670932101037
,,,,,,,3.811009174311922,-189.62885433810158,-189.62885433810158
,,,,,,,3.8159633027522895,-190.29151546434701,-190.29151546434701
,,,,,,,3.820917431192656,-190.95507658883992,-190.95507658883992
,,,,,,,3.8258715596330233,-191.61953771158056,-191.61953771158056
,,,,,,,3.8308256880733897,-192.28489883256856,-192.28489883256856
,,,,,,,3.835779816513757,-192.9511599518042,-192.9511599518042
,,,,,,,3.8407339449541245,-193.61832106928745,-193.61832106928745
,,,,,,,3.845688073394491,-194.28638218501806,-194.28638218501806
,,,,,,,3.8506422018348583,-194.9553432989964,-194.9553432989964
,,,,,,,3.8555963302752247,-195.62520441122211,-195.62520441122211
,,,,,,,3.860550458715592,-196.29596552169556,-196.29596552169556
,,,,,,,3.8655045871559586,-196.96762663041636,-196.96762663041636
,,,,,,,3.870458715596326,-197.64018773738485,-197.64018773738485
,,,,,,,3.8754128440366924,-198.31364884260074,-198.31364884260074
,,,,,,,3.8803669724770598,-198.98800994606438,-198.98800994606438
,,,,,,,3.885321100917427,-199.66327104777548,-199.66327104777548
,,,,,,,3.8902752293577936,-200.33943214773404,-200.33943214773404
,,,,,,,3.895229357798161,-201.01649324594024,-201.01649324594024
,,,,,,,3.9001834862385274,-201.6944543423939,-201.6944543423939
,,,,,,,3.9051376146788948,-202.37331543709524,-202.37331543709524
,,,,,,,3.910091743119261,-203.05307653004394,-203.05307653004394
,,,,,,,3.9150458715596286,-203.73373762124038,-203.73373762124038
,,,,,,,3.919999999999995,-204.41529871068417,-204.41529871068417
,,,,,,,3.9249541284403624,-205.09775979837565,-205.09775979837565
,,,,,,,3.9299082568807298,-205.7811208843147,-205.7811208843147
,,,,,,,3.9348623853210962,-206.46538196850116,-206.46538196850116
,,,,,,,3.9398165137614636,-207.1505430509353,-207.1505430509353
,,,,,,,3.94477064220183,-207.83660413161687,-207.83660413161687
,,,,,,,3.9497247706421974,-208.5235652105461,-208.5235652105461
,,,,,,,3.954678899082564,-209.21142628772276,-209.21142628772276
,,,,,,,3.9596330275229312,-209.90018736314704,-209.90018736314704
,,,,,,,3.9645871559632986,-210.5898484368189,-210.5898484368189
,,,,,,,3.969541284403665,-211.28040950873822,-211.28040950873822
,,,,,,,3.9744954128440324,-211.97187057890517,-211.97187057890517
,,,,,,,3.979449541284399,-212.66423164731955,-212.66423164731955
,,,,,,,3.9844036697247662,-213.35749271398157,-213.35749271398157
,,,,,,,3.9893577981651327,-214.05165377889105,-214.05165377889105
,,,,,,,3.9943119266055,-214.7467148420482,-214.7467148420482
,,,,,,,3.9992660550458674,-215.44267590345282,-215.44267590345282
,,,,,,,4.004220183486233,-216.13953696310497,-216.13953696310497
,,,,,,,4.009174311926601,-216.83729802100467,-216.83729802100467
,,,,,,,4.014128440366967,-217.5359590771519,-217.5359590771519
,,,,,,,4.019082568807335,-218.23552013154674,-218.23552013154674
,,,,,,,4.024036697247701,-218.93598118418905,-218.93598118418905
,,,,,,,4.028990825688068,-219.637342235079,-219.637342235079
,,,,,,,4.033944954128435,-220.3396032842164,-220.3396032842164
,,,,,,,4.038899082568802,-221.04276433160143,-221.04276433160143
,,,,,,,4.04385321100917,-221.746825377234,-221.746825377234
,,,,,,,4.048807339449536,-222.45178642111406,-222.45178642111406
,,,,,,,4.053761467889903,-223.15764746324166,-223.15764746324166
,,,,,,,4.05871559633027,-223.86440850361677,-223.86440850361677
,,,,,,,4.063669724770637,-224.57206954223957,-224.57206954223957
,,,,,,,4.068623853211004,-225.28063057910978,-225.28063057910978
,,,,,,,4.073577981651371,-225.99009161422762,-225.99009161422762
,,,,,,,4.0785321100917376,-226.70045264759295,-226.70045264759295
,,,,,,,4.083486238532105,-227.41171367920586,-227.41171367920586
,,,,,,,4.088440366972472,-228.12387470906643,-228.12387470906643
,,,,,,,4.093394495412839,-228.83693573717431,-228.83693573717431
,,,,,,,4.098348623853206,-229.55089676352995,-229.55089676352995
,,,,,,,4.1033027522935726,-230.265757788133,-230.265757788133
,,,,,,,4.10825688073394,-230.98151881098363,-230.98151881098363
,,,,,,,4.113211009174306,-231.69817983208173,-231.69817983208173
,,,,,,,4.118165137614674,-232.41574085142753,-232.41574085142753
,,,,,,,4.123119266055041,-233.13420186902084,-233.13420186902084
,,,,,,,4.1280733944954076,-233.85356288486156,-233.85356288486156
,,,,,,,4.133027522935775,-234.57382389894997,-234.57382389894997
,,,,,,,4.137981651376141,-235.29498491128584,-235.29498491128584
,,,,,,,4.142935779816509,-236.01704592186934,-236.01704592186934
,,,,,,,4.147889908256875,-236.7400069307003,-236.7400069307003
,,,,,,,4.152844036697243,-237.46386793777884,-237.46386793777884
,,,,,,,4.15779816513761,-238.18862894310496,-238.18862894310496
,,,,,,,4.162752293577976,-238.91428994667854,-238.91428994667854
,,,,,,,4.167706422018344,-239.6408509484998,-239.6408509484998
,,,,,,,4.17266055045871,-240.36831194856842,-240.36831194856842
,,,,,,,4.177614678899078,-241.09667294688478,-241.09667294688478
,,,,,,,4.182568807339444,-241.8259339434485,-241.8259339434485
,,,,,,,4.187522935779811,-242.55609493825995,-242.55609493825995
,,,,,,,4.192477064220178,-243.28715593131875,-243.28715593131875
,,,,,,,4.197431192660545,-244.01911692262524,-244.01911692262524
,,,,,,,4.202385321100913,-244.7519779121793,-244.7519779121793
,,,,,,,4.207339449541279,-245.48573889998084,-245.48573889998084
,,,,,,,4.212293577981646,-246.22039988602995,-246.22039988602995
,,,,,,,4.217247706422013,-246.95596087032652,-246.95596087032652
,,,,,,,4.22220183486238,-247.69242185287072,-247.69242185287072
,,,,,,,4.227155963302747,-248.4297828336624,-248.4297828336624
,,,,,,,4.232110091743114,-249.16804381270174,-249.16804381270174
,,,,,,,4.2370642201834805,-249.9072047899885,-249.9072047899885
,,,,,,,4.242018348623848,-250.6472657655229,-250.6472657655229
,,,,,,,4.246972477064215,-251.38822673930486,-251.38822673930486
,,,,,,,4.251926605504582,-252.13008771133423,-252.13008771133423
,,,,,,,4.256880733944949,-252.8728486816113,-252.8728486816113
,,,,,,,4.2618348623853155,-253.61650965013575,-253.61650965013575
,,,,,,,4.266788990825683,-254.3610706169079,-254.3610706169079
,,,,,,,4.271743119266049,-255.10653158192747,-255.10653158192747
,,,,,,,4.276697247706417,-255.85289254519472,-255.85289254519472
,,,,,,,4.281651376146784,-256.6001535067095,-256.6001535067095
,,,,,,,4.2866055045871505,-257.34831446647166,-257.34831446647166
,,,,,,,4.291559633027518,-258.0973754244816,-258.0973754244816
,,,,,,,4.296513761467884,-258.84733638073885,-258.84733638073885
,,,,,,,4.301467889908252,-259.5981973352438,-259.5981973352438
,,,,,,,4.306422018348618,-260.3499582879962,-260.3499582879962
,,,,,,,4.3113761467889855,-261.1026192389963,-261.1026192389963
,,,,,,,4.316330275229353,-261.8561801882439,-261.8561801882439
,,,,,,,4.321284403669719,-262.6106411357389,-262.6106411357389
,,,,,,,4.326238532110087,-263.3660020814816,-263.3660020814816
,,,,,,,4.331192660550453,-264.1222630254717,-264.1222630254717
,,,,,,,4.3361467889908205,-264.8794239677095,-264.8794239677095
,,,,,,,4.341100917431187,-265.6374849081947,-265.6374849081947
,,,,,,,4.346055045871554,-266.3964458469276,-266.3964458469276
,,,,,,,4.351009174311921,-267.15630678390784,-267.15630678390784
,,,,,,,4.355963302752288,-267.91706771913584,-267.91706771913584
,,,,,,,4.3609174311926555,-268.67872865261137,-268.67872865261137
,,,,,,,4.365871559633022,-269.4412895843343,-269.4412895843343
,,,,,,,4.370825688073389,-270.20475051430486,-270.20475051430486
,,,,,,,4.375779816513756,-270.9691114425229,-270.9691114425229
,,,,,,,4.380733944954123,-271.7343723689886,-271.7343723689886
,,,,,,,4.38568807339449,-272.5005332937018,-272.5005332937018
,,,,,,,4.390642201834857,-273.2675942166625,-273.2675942166625
,,,,,,,4.3955963302752235,-274.0355551378707,-274.0355551378707
,,,,,,,4.400550458715591,-274.80441605732653,-274.80441605732653
,,,,,,,4.405504587155958,-275.57417697503,-275.57417697503
,,,,,,,4.410458715596325,-276.3448378909809,-276.3448378909809
,,,,,,,4.415412844036692,-277.1163988051793,-277.1163988051793
,,,,,,,4.4203669724770585,-277.88885971762534,-277.88885971762534
,,,,,,,4.425321100917426,-278.6622206283189,-278.6622206283189
,,,,,,,4.430275229357792,-279.43648153725997,-279.43648153725997
,,,,,,,4.43522935779816,-280.21164244444867,-280.21164244444867
,,,,,,,4.440183486238527,-280.9877033498849,-280.9877033498849
,,,,,,,4.4451376146788935,-281.7646642535685,-281.7646642535685
,,,,,,,4.450091743119261,-282.5425251554999,-282.5425251554999
,,,,,,,4.455045871559627,-283.3212860556787,-283.3212860556787
,,,,,,,4.459999999999995,-284.100946954105,-284.100946954105
,,,,,,,4.464954128440361,-284.8815078507789,-284.8815078507789
,,,,,,,4.4699082568807285,-285.6629687457005,-285.6629687457005
,,,,,,,4.474862385321096,-286.44532963886945,-286.44532963886945
,,,,,,,4.479816513761462,-287.22859053028594,-287.22859053028594
,,,,,,,4.48477064220183,-288.0127514199502,-288.0127514199502
,,,,,,,4.489724770642196,-288.7978123078617,-288.7978123078617
,,,,,,,4.4946788990825635,-289.583773194021,-289.583773194021
,,,,,,,4.49963302752293,-290.37063407842754,-290.37063407842754
,,,,,,,4.504587155963297,-291.15839496108197,-291.15839496108197
,,,,,,,4.509541284403664,-291.9470558419837,-291.9470558419837
,,,,,,,4.514495412844031,-292.73661672113315,-292.73661672113315
,,,,,,,4.5194495412843985,-293.5270775985301,-293.5270775985301
,,,,,,,4.524403669724765,-294.3184384741745,-294.3184384741745
,,,,,,,4.529357798165132,-295.11069934806653,-295.11069934806653
,,,,,,,4.534311926605499,-295.90386022020607,-295.90386022020607
,,,,,,,4.539266055045866,-296.69792109059324,-296.69792109059324
,,,,,,,4.544220183486233,-297.49288195922776,-297.49288195922776
,,,,,,,4.5491743119266,-298.2887428261101,-298.2887428261101
,,,,,,,4.554128440366966,-299.0855036912397,-299.0855036912397
,,,,,,,4.559082568807334,-299.88316455461705,-299.88316455461705
,,,,,,,4.564036697247701,-300.68172541624193,-300.68172541624193
,,,,,,,4.568990825688068,-301.4811862761143,-301.4811862761143
,,,,,,,4.573944954128435,-302.2815471342342,-302.2815471342342
,,,,,,,4.578899082568801,-303.08280799060157,-303.08280799060157
,,,,,,,4.583853211009169,-303.88496884521663,-303.88496884521663
,,,,,,,4.588807339449535,-304.6880296980791,-304.6880296980791
,,,,,,,4.593761467889903,-305.4919905491893,-305.4919905491893
,,,,,,,4.59871559633027,-306.29685139854706,-306.29685139854706
,,,,,,,4.603669724770636,-307.1026122461521,-307.1026122461521
,,,,,,,4.608623853211004,-307.9092730920049,-307.9092730920049
,,,,,,,4.61357798165137,-308.7168339361051,-308.7168339361051
,,,,,,,4.618532110091738,-309.52529477845303,-309.52529477845303
,,,,,,,4.623486238532104,-310.3346556190483,-310.3346556190483
,,,,,,,4.628440366972471,-311.1449164578913,-311.1449164578913
,,,,,,,4.633394495412839,-311.9560772949818,-311.9560772949818
,,,,,,,4.638348623853205,-312.76813813031976,-312.76813813031976
,,,,,,,4.643302752293573,-313.5810989639054,-313.5810989639054
,,,,,,,4.648256880733939,-314.3949597957384,-314.3949597957384
,,,,,,,4.653211009174306,-315.20972062581916,-315.20972062581916
,,,,,,,4.658165137614673,-316.02538145414724,-316.02538145414724
,,,,,,,4.66311926605504,-316.84194228072306,-316.84194228072306
,,,,,,,4.668073394495407,-317.65940310554623,-317.65940310554623
,,,,,,,4.673027522935774,-318.47776392861715,-318.47776392861715
,,,,,,,4.677981651376141,-319.2970247499356,-319.2970247499356
,,,,,,,4.682935779816508,-320.11718556950143,-320.11718556950143
,,,,,,,4.687889908256875,-320.93824638731496,-320.93824638731496
,,,,,,,4.692844036697242,-321.76020720337584,-321.76020720337584
,,,,,,,4.697798165137609,-322.5830680176845,-322.5830680176845
,,,,,,,4.7027522935779755,-323.4068288302405,-323.4068288302405
,,,,,,,4.707706422018343,-324.2314896410443,-324.2314896410443
,,,,,,,4.712660550458709,-325.0570504500954,-325.0570504500954
,,,,,,,4.717614678899077,-325.88351125739416,-325.88351125739416
,,,,,,,4.722568807339444,-326.71087206294055,-326.71087206294055
,,,,,,,4.7275229357798105,-327.5391328667343,-327.5391328667343
,,,,,,,4.732477064220178,-328.3682936687757,-328.3682936687757
,,,,,,,4.737431192660544,-329.19835446906455,-329.19835446906455
,,,,,,,4.742385321100912,-330.0293152676011,-330.0293152676011
,,,,,,,4.747339449541278,-330.86117606438506,-330.86117606438506
,,,,,,,4.7522935779816455,-331.6939368594167,-331.6939368594167
,,,,,,,4.757247706422013,-332.5275976526958,-332.5275976526958
,,,,,,,4.762201834862379,-333.3621584442224,-333.3621584442224
,,,,,,,4.767155963302747,-334.1976192339967,-334.1976192339967
,,,,,,,4.772110091743113,-335.03398002201834,-335.03398002201834
,,,,,,,4.7770642201834805,-335.87124080828767,-335.87124080828767
,,,,,,,4.782018348623847,-336.70940159280445,-336.70940159280445
,,,,,,,4.786972477064214,-337.54846237556893,-337.54846237556893
,,,,,,,4.791926605504582,-338.38842315658087,-338.38842315658087
,,,,,,,4.796880733944948,-339.2292839358403,-339.2292839358403
,,,,,,,4.8018348623853155,-340.07104471334736,-340.07104471334736
,,,,,,,4.806788990825682,-340.91370548910186,-340.91370548910186
,,,,,,,4.811743119266049,-341.757266263104,-341.757266263104
,,,,,,,4.816697247706416,-342.6017270353535,-342.6017270353535
,,,,,,,4.821651376146783,-343.44708780585086,-343.44708780585086
,,,,,,,4.82660550458715,-344.2933485745955,-344.2933485745955
,,,,,,,4.831559633027517,-345.14050934158786,-345.14050934158786
,,,,,,,4.836513761467884,-345.98857010682775,-345.98857010682775
,,,,,,,4.841467889908251,-346.83753087031516,-346.83753087031516
,,,,,,,4.846422018348618,-347.6873916320501,-347.6873916320501
,,,,,,,4.851376146788985,-348.53815239203243,-348.53815239203243
,,,,,,,4.856330275229352,-349.3898131502626,-349.3898131502626
,,,,,,,4.8612844036697185,-350.24237390674,-350.24237390674
,,,,,,,4.866238532110086,-351.09583466146523,-351.09583466146523
,,,,,,,4.871192660550452,-351.95019541443776,-351.95019541443776
,,,,,,,4.87614678899082,-352.80545616565803,-352.80545616565803
,,,,,,,4.881100917431187,-353.66161691512593,-353.66161691512593
,,,,,,,4.8860550458715535,-354.5186776628411,-354.5186776628411
,,,,,,,4.891009174311921,-355.37663840880396,-355.37663840880396
,,,,,,,4.895963302752287,-356.2354991530143,-356.2354991530143
,,,,,,,4.900917431192655,-357.0952598954723,-357.0952598954723
,,,,,,,4.905871559633021,-357.95592063617767,-357.95592063617767
,,,,,,,4.9108256880733885,-358.8174813751308,-358.8174813751308
,,,,,,,4.915779816513756,-359.67994211233145,-359.67994211233145
,,,,,,,4.920733944954122,-360.5433028477794,-360.5433028477794
,,,,,,,4.92568807339449,-361.4075635814752,-361.4075635814752
,,,,,,,4.930642201834856,-362.2727243134183,-362.2727243134183
,,,,,,,4.9355963302752235,-363.138785043609,-363.138785043609
,,,,,,,4.94055045871559,-364.00574577204736,-364.00574577204736
,,,,,,,4.945504587155957,-364.8736064987332,-364.8736064987332
,,,,,,,4.950458715596325,-365.74236722366675,-365.74236722366675
,,,,,,,4.955412844036691,-366.6120279468475,-366.6120279468475
,,,,,,,4.9603669724770585,-367.4825886682761,-367.4825886682761
,,,,,,,4.965321100917425,-368.354049387952,-368.354049387952
,,,,,,,4.970275229357792,-369.22641010587563,-369.22641010587563
,,,,,,,4.975229357798159,-370.0996708220467,-370.0996708220467
,,,,,,,4.980183486238526,-370.9738315364654,-370.9738315364654
,,,,,,,4.985137614678893,-371.84889224913155,-371.84889224913155
,,,,,,,4.99009174311926,-372.7248529600453,-372.7248529600453
,,,,,,,4.995045871559627,-373.60171366920673,-373.60171366920673
